⚠ [8975/9276] Replayed Challenge
warning: Challenge.lean:135:8: declaration uses `sorry`
⚠ [8980/9276] Replayed PaperN.Shared.CorrespondenceEmbedding
warning: PaperN/Shared/CorrespondenceEmbedding.lean:11:2: Try this: 
  letI̵

The goal is a proposition, so `let` is preferred over `letI`.
The difference between `let` and `letI` is that `letI` inlines the value.
But this is not relevant for proofs because of proof irrelevance.

Note: This linter can be disabled with `set_option linter.style.haveILetI false`
warning: PaperN/Shared/CorrespondenceEmbedding.lean:33:2: Try this: 
  letI̵

The goal is a proposition, so `let` is preferred over `letI`.
The difference between `let` and `letI` is that `letI` inlines the value.
But this is not relevant for proofs because of proof irrelevance.

Note: This linter can be disabled with `set_option linter.style.haveILetI false`
⚠ [8981/9276] Replayed PaperN.Shared.PseudometricComparison
warning: PaperN/Shared/PseudometricComparison.lean:62:2: Try this: 
  letI̵

The goal is a proposition, so `let` is preferred over `letI`.
The difference between `let` and `letI` is that `letI` inlines the value.
But this is not relevant for proofs because of proof irrelevance.

Note: This linter can be disabled with `set_option linter.style.haveILetI false`
⚠ [8984/9276] Replayed PaperN.PartIV.EquilateralProducts
warning: PaperN/PartIV/EquilateralProducts.lean:107:56: `if_neg` has been deprecated: Use `ite_eq_right` instead

Hint: Replace the deprecated name:
  i̵f̵_̵n̵e̵g̵i̲t̲e̲_̲e̲q̲_̲r̲i̲g̲h̲t̲
⚠ [8985/9276] Replayed PaperN.PartIV.CoverScale
warning: PaperN/PartIV/CoverScale.lean:24:32: `if_pos` has been deprecated: Use `ite_eq_left` instead

Hint: Replace the deprecated name:
  i̵f̵_̵p̵o̵s̵i̲t̲e̲_̲e̲q̲_̲l̲e̲f̲t̲
warning: PaperN/PartIV/CoverScale.lean:25:31: `if_neg` has been deprecated: Use `ite_eq_right` instead

Hint: Replace the deprecated name:
  i̵f̵_̵n̵e̵g̵i̲t̲e̲_̲e̲q̲_̲r̲i̲g̲h̲t̲
warning: PaperN/PartIV/CoverScale.lean:44:29: `if_pos` has been deprecated: Use `ite_eq_left` instead

Hint: Replace the deprecated name:
  i̵f̵_̵p̵o̵s̵i̲t̲e̲_̲e̲q̲_̲l̲e̲f̲t̲
⚠ [8991/9276] Replayed PaperN.PartI.ProbabilityTopology
warning: PaperN/PartI/ProbabilityTopology.lean:38:35: `TopologicalSpace.generateFrom_setOf_isOpen` has been deprecated: Use `TopologicalSpace.generateFrom_setOfPred_isOpen` instead

Hint: Replace the deprecated name:
  generateFrom_setOfP̲r̲e̲d̲_isOpen
warning: PaperN/PartI/ProbabilityTopology.lean:55:2: Try this: 
  letI̵

The goal is a proposition, so `let` is preferred over `letI`.
The difference between `let` and `letI` is that `letI` inlines the value.
But this is not relevant for proofs because of proof irrelevance.

Note: This linter can be disabled with `set_option linter.style.haveILetI false`
warning: PaperN/PartI/ProbabilityTopology.lean:56:2: Try this: 
  letI̵

The goal is a proposition, so `let` is preferred over `letI`.
The difference between `let` and `letI` is that `letI` inlines the value.
But this is not relevant for proofs because of proof irrelevance.

Note: This linter can be disabled with `set_option linter.style.haveILetI false`
⚠ [8999/9276] Replayed PaperN.PartI.IsometryGroup
warning: PaperN/PartI/IsometryGroup.lean:59:17: `Set.mem_setOf_eq` has been deprecated: Use `Set.mem_ofPred_eq` instead

Hint: Replace the deprecated name:
  m̵e̵m̵_̵s̵e̵t̵O̵f̵_̵e̵q̵m̲e̲m̲_̲o̲f̲P̲r̲e̲d̲_̲e̲q̲
warning: PaperN/PartI/IsometryGroup.lean:100:2: Try this: 
  haveI̵

The goal is a proposition, so `have` is preferred over `haveI`.
The difference between `have` and `haveI` is that `haveI` inlines the value.
But this is not relevant for proofs because of proof irrelevance.

Note: This linter can be disabled with `set_option linter.style.haveILetI false`
⚠ [9002/9276] Replayed PaperN.PartI.Barycenter
warning: PaperN/PartI/Barycenter.lean:51:4: Try this: 
  letI̵

The goal is a proposition, so `let` is preferred over `letI`.
The difference between `let` and `letI` is that `letI` inlines the value.
But this is not relevant for proofs because of proof irrelevance.

Note: This linter can be disabled with `set_option linter.style.haveILetI false`
⚠ [9003/9276] Replayed PaperN.PartI.HaarAverage
warning: PaperN/PartI/HaarAverage.lean:89:2: Try this: 
  haveI̵

The goal is a proposition, so `have` is preferred over `haveI`.
The difference between `have` and `haveI` is that `haveI` inlines the value.
But this is not relevant for proofs because of proof irrelevance.

Note: This linter can be disabled with `set_option linter.style.haveILetI false`
warning: PaperN/PartI/HaarAverage.lean:90:2: Try this: 
  haveI̵

The goal is a proposition, so `have` is preferred over `haveI`.
The difference between `have` and `haveI` is that `haveI` inlines the value.
But this is not relevant for proofs because of proof irrelevance.

Note: This linter can be disabled with `set_option linter.style.haveILetI false`
⚠ [9006/9276] Replayed PaperN.PartI.Solution
warning: PaperN/PartI/Solution.lean:30:2: Try this: 
  letI̵

The goal is a proposition, so `let` is preferred over `letI`.
The difference between `let` and `letI` is that `letI` inlines the value.
But this is not relevant for proofs because of proof irrelevance.

Note: This linter can be disabled with `set_option linter.style.haveILetI false`
warning: PaperN/PartI/Solution.lean:45:4: Try this: 
  letI̵

The goal is a proposition, so `let` is preferred over `letI`.
The difference between `let` and `letI` is that `letI` inlines the value.
But this is not relevant for proofs because of proof irrelevance.

Note: This linter can be disabled with `set_option linter.style.haveILetI false`
⚠ [9007/9276] Replayed PaperN.PartI.MeasuredProjection
warning: PaperN/PartI/MeasuredProjection.lean:42:2: Try this: 
  haveI̵

The goal is a proposition, so `have` is preferred over `haveI`.
The difference between `have` and `haveI` is that `haveI` inlines the value.
But this is not relevant for proofs because of proof irrelevance.

Note: This linter can be disabled with `set_option linter.style.haveILetI false`
warning: PaperN/PartI/MeasuredProjection.lean:43:2: Try this: 
  haveI̵

The goal is a proposition, so `have` is preferred over `haveI`.
The difference between `have` and `haveI` is that `haveI` inlines the value.
But this is not relevant for proofs because of proof irrelevance.

Note: This linter can be disabled with `set_option linter.style.haveILetI false`
warning: PaperN/PartI/MeasuredProjection.lean:78:2: Try this: 
  letI̵

The goal is a proposition, so `let` is preferred over `letI`.
The difference between `let` and `letI` is that `letI` inlines the value.
But this is not relevant for proofs because of proof irrelevance.

Note: This linter can be disabled with `set_option linter.style.haveILetI false`
warning: PaperN/PartI/MeasuredProjection.lean:79:2: Try this: 
  letI̵

The goal is a proposition, so `let` is preferred over `letI`.
The difference between `let` and `letI` is that `letI` inlines the value.
But this is not relevant for proofs because of proof irrelevance.

Note: This linter can be disabled with `set_option linter.style.haveILetI false`
⚠ [9011/9276] Replayed PaperN.PartI.FixedProbability
warning: PaperN/PartI/FixedProbability.lean:48:15: `Set.mem_setOf_eq` has been deprecated: Use `Set.mem_ofPred_eq` instead

Hint: Replace the deprecated name:
  m̵e̵m̵_̵s̵e̵t̵O̵f̵_̵e̵q̵m̲e̲m̲_̲o̲f̲P̲r̲e̲d̲_̲e̲q̲
warning: PaperN/PartI/FixedProbability.lean:62:15: `Set.mem_setOf_eq` has been deprecated: Use `Set.mem_ofPred_eq` instead

Hint: Replace the deprecated name:
  m̵e̵m̵_̵s̵e̵t̵O̵f̵_̵e̵q̵m̲e̲m̲_̲o̲f̲P̲r̲e̲d̲_̲e̲q̲
⚠ [9015/9276] Replayed PaperN.PartI.FiberTopology
warning: PaperN/PartI/FiberTopology.lean:27:2: Try this: 
  letI̵

The goal is a proposition, so `let` is preferred over `letI`.
The difference between `let` and `letI` is that `letI` inlines the value.
But this is not relevant for proofs because of proof irrelevance.

Note: This linter can be disabled with `set_option linter.style.haveILetI false`
warning: PaperN/PartI/FiberTopology.lean:45:2: Try this: 
  letI̵

The goal is a proposition, so `let` is preferred over `letI`.
The difference between `let` and `letI` is that `letI` inlines the value.
But this is not relevant for proofs because of proof irrelevance.

Note: This linter can be disabled with `set_option linter.style.haveILetI false`
warning: PaperN/PartI/FiberTopology.lean:58:2: Try this: 
  letI̵

The goal is a proposition, so `let` is preferred over `letI`.
The difference between `let` and `letI` is that `letI` inlines the value.
But this is not relevant for proofs because of proof irrelevance.

Note: This linter can be disabled with `set_option linter.style.haveILetI false`
warning: PaperN/PartI/FiberTopology.lean:59:2: Try this: 
  letI̵

The goal is a proposition, so `let` is preferred over `letI`.
The difference between `let` and `letI` is that `letI` inlines the value.
But this is not relevant for proofs because of proof irrelevance.

Note: This linter can be disabled with `set_option linter.style.haveILetI false`
⚠ [9017/9276] Replayed PaperN.PartI.VaryingFiberTransport
warning: PaperN/PartI/VaryingFiberTransport.lean:20:2: Try this: 
  letI̵

The goal is a proposition, so `let` is preferred over `letI`.
The difference between `let` and `letI` is that `letI` inlines the value.
But this is not relevant for proofs because of proof irrelevance.

Note: This linter can be disabled with `set_option linter.style.haveILetI false`
warning: PaperN/PartI/VaryingFiberTransport.lean:90:2: Try this: 
  letI̵

The goal is a proposition, so `let` is preferred over `letI`.
The difference between `let` and `letI` is that `letI` inlines the value.
But this is not relevant for proofs because of proof irrelevance.

Note: This linter can be disabled with `set_option linter.style.haveILetI false`
⚠ [9020/9276] Replayed PaperN.PartI.GHPExternal
warning: PaperN/PartI/GHPExternal.lean:13:2: Try this: 
  letI̵

The goal is a proposition, so `let` is preferred over `letI`.
The difference between `let` and `letI` is that `letI` inlines the value.
But this is not relevant for proofs because of proof irrelevance.

Note: This linter can be disabled with `set_option linter.style.haveILetI false`
warning: PaperN/PartI/GHPExternal.lean:14:2: Try this: 
  letI̵

The goal is a proposition, so `let` is preferred over `letI`.
The difference between `let` and `letI` is that `letI` inlines the value.
But this is not relevant for proofs because of proof irrelevance.

Note: This linter can be disabled with `set_option linter.style.haveILetI false`
warning: PaperN/PartI/GHPExternal.lean:15:2: Try this: 
  letI̵

The goal is a proposition, so `let` is preferred over `letI`.
The difference between `let` and `letI` is that `letI` inlines the value.
But this is not relevant for proofs because of proof irrelevance.

Note: This linter can be disabled with `set_option linter.style.haveILetI false`
warning: PaperN/PartI/GHPExternal.lean:20:2: Try this: 
  letI̵

The goal is a proposition, so `let` is preferred over `letI`.
The difference between `let` and `letI` is that `letI` inlines the value.
But this is not relevant for proofs because of proof irrelevance.

Note: This linter can be disabled with `set_option linter.style.haveILetI false`
warning: PaperN/PartI/GHPExternal.lean:29:2: Try this: 
  letI̵

The goal is a proposition, so `let` is preferred over `letI`.
The difference between `let` and `letI` is that `letI` inlines the value.
But this is not relevant for proofs because of proof irrelevance.

Note: This linter can be disabled with `set_option linter.style.haveILetI false`
warning: PaperN/PartI/GHPExternal.lean:30:2: Try this: 
  letI̵

The goal is a proposition, so `let` is preferred over `letI`.
The difference between `let` and `letI` is that `letI` inlines the value.
But this is not relevant for proofs because of proof irrelevance.

Note: This linter can be disabled with `set_option linter.style.haveILetI false`
warning: PaperN/PartI/GHPExternal.lean:49:2: Try this: 
  letI̵

The goal is a proposition, so `let` is preferred over `letI`.
The difference between `let` and `letI` is that `letI` inlines the value.
But this is not relevant for proofs because of proof irrelevance.

Note: This linter can be disabled with `set_option linter.style.haveILetI false`
⚠ [9021/9276] Replayed PaperN.PartI.FiberLawAverage
warning: PaperN/PartI/FiberLawAverage.lean:16:2: Try this: 
  letI̵

The goal is a proposition, so `let` is preferred over `letI`.
The difference between `let` and `letI` is that `letI` inlines the value.
But this is not relevant for proofs because of proof irrelevance.

Note: This linter can be disabled with `set_option linter.style.haveILetI false`
warning: PaperN/PartI/FiberLawAverage.lean:17:2: Try this: 
  letI̵

The goal is a proposition, so `let` is preferred over `letI`.
The difference between `let` and `letI` is that `letI` inlines the value.
But this is not relevant for proofs because of proof irrelevance.

Note: This linter can be disabled with `set_option linter.style.haveILetI false`
warning: PaperN/PartI/FiberLawAverage.lean:18:2: Try this: 
  letI̵

The goal is a proposition, so `let` is preferred over `letI`.
The difference between `let` and `letI` is that `letI` inlines the value.
But this is not relevant for proofs because of proof irrelevance.

Note: This linter can be disabled with `set_option linter.style.haveILetI false`
warning: PaperN/PartI/FiberLawAverage.lean:19:2: Try this: 
  letI̵

The goal is a proposition, so `let` is preferred over `letI`.
The difference between `let` and `letI` is that `letI` inlines the value.
But this is not relevant for proofs because of proof irrelevance.

Note: This linter can be disabled with `set_option linter.style.haveILetI false`
warning: PaperN/PartI/FiberLawAverage.lean:59:2: Try this: 
  letI̵

The goal is a proposition, so `let` is preferred over `letI`.
The difference between `let` and `letI` is that `letI` inlines the value.
But this is not relevant for proofs because of proof irrelevance.

Note: This linter can be disabled with `set_option linter.style.haveILetI false`
warning: PaperN/PartI/FiberLawAverage.lean:60:2: Try this: 
  letI̵

The goal is a proposition, so `let` is preferred over `letI`.
The difference between `let` and `letI` is that `letI` inlines the value.
But this is not relevant for proofs because of proof irrelevance.

Note: This linter can be disabled with `set_option linter.style.haveILetI false`
warning: PaperN/PartI/FiberLawAverage.lean:61:2: Try this: 
  letI̵

The goal is a proposition, so `let` is preferred over `letI`.
The difference between `let` and `letI` is that `letI` inlines the value.
But this is not relevant for proofs because of proof irrelevance.

Note: This linter can be disabled with `set_option linter.style.haveILetI false`
warning: PaperN/PartI/FiberLawAverage.lean:62:2: Try this: 
  letI̵

The goal is a proposition, so `let` is preferred over `letI`.
The difference between `let` and `letI` is that `letI` inlines the value.
But this is not relevant for proofs because of proof irrelevance.

Note: This linter can be disabled with `set_option linter.style.haveILetI false`
warning: PaperN/PartI/FiberLawAverage.lean:81:2: Try this: 
  letI̵

The goal is a proposition, so `let` is preferred over `letI`.
The difference between `let` and `letI` is that `letI` inlines the value.
But this is not relevant for proofs because of proof irrelevance.

Note: This linter can be disabled with `set_option linter.style.haveILetI false`
warning: PaperN/PartI/FiberLawAverage.lean:82:2: Try this: 
  letI̵

The goal is a proposition, so `let` is preferred over `letI`.
The difference between `let` and `letI` is that `letI` inlines the value.
But this is not relevant for proofs because of proof irrelevance.

Note: This linter can be disabled with `set_option linter.style.haveILetI false`
warning: PaperN/PartI/FiberLawAverage.lean:83:2: Try this: 
  letI̵

The goal is a proposition, so `let` is preferred over `letI`.
The difference between `let` and `letI` is that `letI` inlines the value.
But this is not relevant for proofs because of proof irrelevance.

Note: This linter can be disabled with `set_option linter.style.haveILetI false`
warning: PaperN/PartI/FiberLawAverage.lean:84:2: Try this: 
  letI̵

The goal is a proposition, so `let` is preferred over `letI`.
The difference between `let` and `letI` is that `letI` inlines the value.
But this is not relevant for proofs because of proof irrelevance.

Note: This linter can be disabled with `set_option linter.style.haveILetI false`
warning: PaperN/PartI/FiberLawAverage.lean:95:2: Try this: 
  letI̵

The goal is a proposition, so `let` is preferred over `letI`.
The difference between `let` and `letI` is that `letI` inlines the value.
But this is not relevant for proofs because of proof irrelevance.

Note: This linter can be disabled with `set_option linter.style.haveILetI false`
warning: PaperN/PartI/FiberLawAverage.lean:96:2: Try this: 
  letI̵

The goal is a proposition, so `let` is preferred over `letI`.
The difference between `let` and `letI` is that `letI` inlines the value.
But this is not relevant for proofs because of proof irrelevance.

Note: This linter can be disabled with `set_option linter.style.haveILetI false`
warning: PaperN/PartI/FiberLawAverage.lean:97:2: Try this: 
  letI̵

The goal is a proposition, so `let` is preferred over `letI`.
The difference between `let` and `letI` is that `letI` inlines the value.
But this is not relevant for proofs because of proof irrelevance.

Note: This linter can be disabled with `set_option linter.style.haveILetI false`
warning: PaperN/PartI/FiberLawAverage.lean:98:2: Try this: 
  letI̵

The goal is a proposition, so `let` is preferred over `letI`.
The difference between `let` and `letI` is that `letI` inlines the value.
But this is not relevant for proofs because of proof irrelevance.

Note: This linter can be disabled with `set_option linter.style.haveILetI false`
warning: PaperN/PartI/FiberLawAverage.lean:110:2: Try this: 
  letI̵

The goal is a proposition, so `let` is preferred over `letI`.
The difference between `let` and `letI` is that `letI` inlines the value.
But this is not relevant for proofs because of proof irrelevance.

Note: This linter can be disabled with `set_option linter.style.haveILetI false`
warning: PaperN/PartI/FiberLawAverage.lean:111:2: Try this: 
  letI̵

The goal is a proposition, so `let` is preferred over `letI`.
The difference between `let` and `letI` is that `letI` inlines the value.
But this is not relevant for proofs because of proof irrelevance.

Note: This linter can be disabled with `set_option linter.style.haveILetI false`
warning: PaperN/PartI/FiberLawAverage.lean:112:2: Try this: 
  letI̵

The goal is a proposition, so `let` is preferred over `letI`.
The difference between `let` and `letI` is that `letI` inlines the value.
But this is not relevant for proofs because of proof irrelevance.

Note: This linter can be disabled with `set_option linter.style.haveILetI false`
warning: PaperN/PartI/FiberLawAverage.lean:113:2: Try this: 
  letI̵

The goal is a proposition, so `let` is preferred over `letI`.
The difference between `let` and `letI` is that `letI` inlines the value.
But this is not relevant for proofs because of proof irrelevance.

Note: This linter can be disabled with `set_option linter.style.haveILetI false`
warning: PaperN/PartI/FiberLawAverage.lean:144:2: Try this: 
  letI̵

The goal is a proposition, so `let` is preferred over `letI`.
The difference between `let` and `letI` is that `letI` inlines the value.
But this is not relevant for proofs because of proof irrelevance.

Note: This linter can be disabled with `set_option linter.style.haveILetI false`
warning: PaperN/PartI/FiberLawAverage.lean:145:2: Try this: 
  letI̵

The goal is a proposition, so `let` is preferred over `letI`.
The difference between `let` and `letI` is that `letI` inlines the value.
But this is not relevant for proofs because of proof irrelevance.

Note: This linter can be disabled with `set_option linter.style.haveILetI false`
warning: PaperN/PartI/FiberLawAverage.lean:146:2: Try this: 
  letI̵

The goal is a proposition, so `let` is preferred over `letI`.
The difference between `let` and `letI` is that `letI` inlines the value.
But this is not relevant for proofs because of proof irrelevance.

Note: This linter can be disabled with `set_option linter.style.haveILetI false`
warning: PaperN/PartI/FiberLawAverage.lean:147:2: Try this: 
  letI̵

The goal is a proposition, so `let` is preferred over `letI`.
The difference between `let` and `letI` is that `letI` inlines the value.
But this is not relevant for proofs because of proof irrelevance.

Note: This linter can be disabled with `set_option linter.style.haveILetI false`
⚠ [9022/9276] Replayed PaperN.PartI.ParameterizedFiberTransport
warning: PaperN/PartI/ParameterizedFiberTransport.lean:22:2: Try this: 
  letI̵

The goal is a proposition, so `let` is preferred over `letI`.
The difference between `let` and `letI` is that `letI` inlines the value.
But this is not relevant for proofs because of proof irrelevance.

Note: This linter can be disabled with `set_option linter.style.haveILetI false`
warning: PaperN/PartI/ParameterizedFiberTransport.lean:23:2: Try this: 
  letI̵

The goal is a proposition, so `let` is preferred over `letI`.
The difference between `let` and `letI` is that `letI` inlines the value.
But this is not relevant for proofs because of proof irrelevance.

Note: This linter can be disabled with `set_option linter.style.haveILetI false`
warning: PaperN/PartI/ParameterizedFiberTransport.lean:31:25: Variable name `he` is not explicitly referenced.

Hint: The binding can be removed (if unused) or named `_` (if used implicitly). Alternatively, prefix the name with `_` to silence this warning:
  [apply] _he

Note: This linter can be disabled with `set_option linter.unusedVariables false`
warning: PaperN/PartI/ParameterizedFiberTransport.lean:61:2: Try this: 
  letI̵

The goal is a proposition, so `let` is preferred over `letI`.
The difference between `let` and `letI` is that `letI` inlines the value.
But this is not relevant for proofs because of proof irrelevance.

Note: This linter can be disabled with `set_option linter.style.haveILetI false`
warning: PaperN/PartI/ParameterizedFiberTransport.lean:62:2: Try this: 
  letI̵

The goal is a proposition, so `let` is preferred over `letI`.
The difference between `let` and `letI` is that `letI` inlines the value.
But this is not relevant for proofs because of proof irrelevance.

Note: This linter can be disabled with `set_option linter.style.haveILetI false`
⚠ [9024/9276] Replayed PaperN.PartI.ClosedDomainLaws
warning: PaperN/PartI/ClosedDomainLaws.lean:82:2: Try this: 
  letI̵

The goal is a proposition, so `let` is preferred over `letI`.
The difference between `let` and `letI` is that `letI` inlines the value.
But this is not relevant for proofs because of proof irrelevance.

Note: This linter can be disabled with `set_option linter.style.haveILetI false`
⚠ [9026/9276] Replayed PaperN.PartI.FamilyFiberAverage
warning: PaperN/PartI/FamilyFiberAverage.lean:61:2: Try this: 
  letI̵

The goal is a proposition, so `let` is preferred over `letI`.
The difference between `let` and `letI` is that `letI` inlines the value.
But this is not relevant for proofs because of proof irrelevance.

Note: This linter can be disabled with `set_option linter.style.haveILetI false`
warning: PaperN/PartI/FamilyFiberAverage.lean:62:2: Try this: 
  letI̵

The goal is a proposition, so `let` is preferred over `letI`.
The difference between `let` and `letI` is that `letI` inlines the value.
But this is not relevant for proofs because of proof irrelevance.

Note: This linter can be disabled with `set_option linter.style.haveILetI false`
warning: PaperN/PartI/FamilyFiberAverage.lean:63:2: Try this: 
  letI̵

The goal is a proposition, so `let` is preferred over `letI`.
The difference between `let` and `letI` is that `letI` inlines the value.
But this is not relevant for proofs because of proof irrelevance.

Note: This linter can be disabled with `set_option linter.style.haveILetI false`
warning: PaperN/PartI/FamilyFiberAverage.lean:64:2: Try this: 
  letI̵

The goal is a proposition, so `let` is preferred over `letI`.
The difference between `let` and `letI` is that `letI` inlines the value.
But this is not relevant for proofs because of proof irrelevance.

Note: This linter can be disabled with `set_option linter.style.haveILetI false`
warning: PaperN/PartI/FamilyFiberAverage.lean:66:2: Try this: 
  letI̵

The goal is a proposition, so `let` is preferred over `letI`.
The difference between `let` and `letI` is that `letI` inlines the value.
But this is not relevant for proofs because of proof irrelevance.

Note: This linter can be disabled with `set_option linter.style.haveILetI false`
warning: PaperN/PartI/FamilyFiberAverage.lean:67:2: Try this: 
  letI̵

The goal is a proposition, so `let` is preferred over `letI`.
The difference between `let` and `letI` is that `letI` inlines the value.
But this is not relevant for proofs because of proof irrelevance.

Note: This linter can be disabled with `set_option linter.style.haveILetI false`
⚠ [9028/9276] Replayed PaperN.PartI.FamilyAverageIdentification
warning: PaperN/PartI/FamilyAverageIdentification.lean:52:2: Try this: 
  letI̵

The goal is a proposition, so `let` is preferred over `letI`.
The difference between `let` and `letI` is that `letI` inlines the value.
But this is not relevant for proofs because of proof irrelevance.

Note: This linter can be disabled with `set_option linter.style.haveILetI false`
warning: PaperN/PartI/FamilyAverageIdentification.lean:53:2: Try this: 
  letI̵

The goal is a proposition, so `let` is preferred over `letI`.
The difference between `let` and `letI` is that `letI` inlines the value.
But this is not relevant for proofs because of proof irrelevance.

Note: This linter can be disabled with `set_option linter.style.haveILetI false`
warning: PaperN/PartI/FamilyAverageIdentification.lean:54:2: Try this: 
  letI̵

The goal is a proposition, so `let` is preferred over `letI`.
The difference between `let` and `letI` is that `letI` inlines the value.
But this is not relevant for proofs because of proof irrelevance.

Note: This linter can be disabled with `set_option linter.style.haveILetI false`
warning: PaperN/PartI/FamilyAverageIdentification.lean:55:2: Try this: 
  letI̵

The goal is a proposition, so `let` is preferred over `letI`.
The difference between `let` and `letI` is that `letI` inlines the value.
But this is not relevant for proofs because of proof irrelevance.

Note: This linter can be disabled with `set_option linter.style.haveILetI false`
warning: PaperN/PartI/FamilyAverageIdentification.lean:57:2: Try this: 
  letI̵

The goal is a proposition, so `let` is preferred over `letI`.
The difference between `let` and `letI` is that `letI` inlines the value.
But this is not relevant for proofs because of proof irrelevance.

Note: This linter can be disabled with `set_option linter.style.haveILetI false`
warning: PaperN/PartI/FamilyAverageIdentification.lean:58:2: Try this: 
  letI̵

The goal is a proposition, so `let` is preferred over `letI`.
The difference between `let` and `letI` is that `letI` inlines the value.
But this is not relevant for proofs because of proof irrelevance.

Note: This linter can be disabled with `set_option linter.style.haveILetI false`
⚠ [9030/9276] Replayed PaperN.PartI.IsometryGraph
warning: PaperN/PartI/IsometryGraph.lean:19:14: `Metric.lipschitz_infDist_set` has been deprecated: Use `TopologicalSpace.NonemptyCompacts.lipschitz_infDist_const` instead

Note: The updated constant is in a different namespace. Dot notation may need to be changed (e.g., from `x.lipschitz_infDist_set` to `NonemptyCompacts.lipschitz_infDist_const x`).

Hint: Replace the deprecated name:
  l̵i̵p̵s̵c̵h̵i̵t̵z̵_̵i̵n̵f̵D̵i̵s̵t̵_̵s̵e̵t̵N̲o̲n̲e̲m̲p̲t̲y̲C̲o̲m̲p̲a̲c̲t̲s̲.̲l̲i̲p̲s̲c̲h̲i̲t̲z̲_̲i̲n̲f̲D̲i̲s̲t̲_̲c̲o̲n̲s̲t̲
⚠ [9032/9276] Replayed PaperN.PartI.SequenceFiberAverage
warning: PaperN/PartI/SequenceFiberAverage.lean:51:2: Try this: 
  letI̵

The goal is a proposition, so `let` is preferred over `letI`.
The difference between `let` and `letI` is that `letI` inlines the value.
But this is not relevant for proofs because of proof irrelevance.

Note: This linter can be disabled with `set_option linter.style.haveILetI false`
warning: PaperN/PartI/SequenceFiberAverage.lean:52:2: Try this: 
  letI̵

The goal is a proposition, so `let` is preferred over `letI`.
The difference between `let` and `letI` is that `letI` inlines the value.
But this is not relevant for proofs because of proof irrelevance.

Note: This linter can be disabled with `set_option linter.style.haveILetI false`
warning: PaperN/PartI/SequenceFiberAverage.lean:53:2: Try this: 
  letI̵

The goal is a proposition, so `let` is preferred over `letI`.
The difference between `let` and `letI` is that `letI` inlines the value.
But this is not relevant for proofs because of proof irrelevance.

Note: This linter can be disabled with `set_option linter.style.haveILetI false`
warning: PaperN/PartI/SequenceFiberAverage.lean:54:2: Try this: 
  letI̵

The goal is a proposition, so `let` is preferred over `letI`.
The difference between `let` and `letI` is that `letI` inlines the value.
But this is not relevant for proofs because of proof irrelevance.

Note: This linter can be disabled with `set_option linter.style.haveILetI false`
warning: PaperN/PartI/SequenceFiberAverage.lean:55:2: Try this: 
  letI̵

The goal is a proposition, so `let` is preferred over `letI`.
The difference between `let` and `letI` is that `letI` inlines the value.
But this is not relevant for proofs because of proof irrelevance.

Note: This linter can be disabled with `set_option linter.style.haveILetI false`
warning: PaperN/PartI/SequenceFiberAverage.lean:56:2: Try this: 
  letI̵

The goal is a proposition, so `let` is preferred over `letI`.
The difference between `let` and `letI` is that `letI` inlines the value.
But this is not relevant for proofs because of proof irrelevance.

Note: This linter can be disabled with `set_option linter.style.haveILetI false`
warning: PaperN/PartI/SequenceFiberAverage.lean:57:2: Try this: 
  letI̵

The goal is a proposition, so `let` is preferred over `letI`.
The difference between `let` and `letI` is that `letI` inlines the value.
But this is not relevant for proofs because of proof irrelevance.

Note: This linter can be disabled with `set_option linter.style.haveILetI false`
⚠ [9034/9276] Replayed PaperN.PartI.FiberNaturality
warning: PaperN/PartI/FiberNaturality.lean:25:2: Try this: 
  letI̵

The goal is a proposition, so `let` is preferred over `letI`.
The difference between `let` and `letI` is that `letI` inlines the value.
But this is not relevant for proofs because of proof irrelevance.

Note: This linter can be disabled with `set_option linter.style.haveILetI false`
warning: PaperN/PartI/FiberNaturality.lean:26:2: Try this: 
  letI̵

The goal is a proposition, so `let` is preferred over `letI`.
The difference between `let` and `letI` is that `letI` inlines the value.
But this is not relevant for proofs because of proof irrelevance.

Note: This linter can be disabled with `set_option linter.style.haveILetI false`
warning: PaperN/PartI/FiberNaturality.lean:27:2: Try this: 
  letI̵

The goal is a proposition, so `let` is preferred over `letI`.
The difference between `let` and `letI` is that `letI` inlines the value.
But this is not relevant for proofs because of proof irrelevance.

Note: This linter can be disabled with `set_option linter.style.haveILetI false`
warning: PaperN/PartI/FiberNaturality.lean:28:2: Try this: 
  letI̵

The goal is a proposition, so `let` is preferred over `letI`.
The difference between `let` and `letI` is that `letI` inlines the value.
But this is not relevant for proofs because of proof irrelevance.

Note: This linter can be disabled with `set_option linter.style.haveILetI false`
warning: PaperN/PartI/FiberNaturality.lean:62:2: Try this: 
  letI̵

The goal is a proposition, so `let` is preferred over `letI`.
The difference between `let` and `letI` is that `letI` inlines the value.
But this is not relevant for proofs because of proof irrelevance.

Note: This linter can be disabled with `set_option linter.style.haveILetI false`
warning: PaperN/PartI/FiberNaturality.lean:63:2: Try this: 
  letI̵

The goal is a proposition, so `let` is preferred over `letI`.
The difference between `let` and `letI` is that `letI` inlines the value.
But this is not relevant for proofs because of proof irrelevance.

Note: This linter can be disabled with `set_option linter.style.haveILetI false`
warning: PaperN/PartI/FiberNaturality.lean:64:2: Try this: 
  letI̵

The goal is a proposition, so `let` is preferred over `letI`.
The difference between `let` and `letI` is that `letI` inlines the value.
But this is not relevant for proofs because of proof irrelevance.

Note: This linter can be disabled with `set_option linter.style.haveILetI false`
warning: PaperN/PartI/FiberNaturality.lean:65:2: Try this: 
  letI̵

The goal is a proposition, so `let` is preferred over `letI`.
The difference between `let` and `letI` is that `letI` inlines the value.
But this is not relevant for proofs because of proof irrelevance.

Note: This linter can be disabled with `set_option linter.style.haveILetI false`
⚠ [9040/9276] Replayed PaperN.PartI.ParameterIntegrals
warning: PaperN/PartI/ParameterIntegrals.lean:43:2: Try this: 
  letI̵

The goal is a proposition, so `let` is preferred over `letI`.
The difference between `let` and `letI` is that `letI` inlines the value.
But this is not relevant for proofs because of proof irrelevance.

Note: This linter can be disabled with `set_option linter.style.haveILetI false`
warning: PaperN/PartI/ParameterIntegrals.lean:111:2: Try this: 
  letI̵

The goal is a proposition, so `let` is preferred over `letI`.
The difference between `let` and `letI` is that `letI` inlines the value.
But this is not relevant for proofs because of proof irrelevance.

Note: This linter can be disabled with `set_option linter.style.haveILetI false`
warning: PaperN/PartI/ParameterIntegrals.lean:112:2: Try this: 
  letI̵

The goal is a proposition, so `let` is preferred over `letI`.
The difference between `let` and `letI` is that `letI` inlines the value.
But this is not relevant for proofs because of proof irrelevance.

Note: This linter can be disabled with `set_option linter.style.haveILetI false`
⚠ [9041/9276] Replayed PaperN.PartI.BallMass
warning: PaperN/PartI/BallMass.lean:105:4: Try this: 
  haveI̵

The goal is a proposition, so `have` is preferred over `haveI`.
The difference between `have` and `haveI` is that `haveI` inlines the value.
But this is not relevant for proofs because of proof irrelevance.

Note: This linter can be disabled with `set_option linter.style.haveILetI false`
⚠ [9043/9276] Replayed PaperN.PartI.MinimumBallMass
warning: PaperN/PartI/MinimumBallMass.lean:36:2: Try this: 
  letI̵

The goal is a proposition, so `let` is preferred over `letI`.
The difference between `let` and `letI` is that `letI` inlines the value.
But this is not relevant for proofs because of proof irrelevance.

Note: This linter can be disabled with `set_option linter.style.haveILetI false`
⚠ [9049/9276] Replayed PaperN.PartI.FullSupportGDelta
warning: PaperN/PartI/FullSupportGDelta.lean:20:13: `Set.mem_setOf_eq` has been deprecated: Use `Set.mem_ofPred_eq` instead

Hint: Replace the deprecated name:
  m̵e̵m̵_̵s̵e̵t̵O̵f̵_̵e̵q̵m̲e̲m̲_̲o̲f̲P̲r̲e̲d̲_̲e̲q̲
warning: PaperN/PartI/FullSupportGDelta.lean:28:2: Try this: 
  letI̵

The goal is a proposition, so `let` is preferred over `letI`.
The difference between `let` and `letI` is that `letI` inlines the value.
But this is not relevant for proofs because of proof irrelevance.

Note: This linter can be disabled with `set_option linter.style.haveILetI false`
⚠ [9050/9276] Replayed PaperN.PartI.InvariantGDelta
warning: PaperN/PartI/InvariantGDelta.lean:46:2: Try this: 
  letI̵

The goal is a proposition, so `let` is preferred over `letI`.
The difference between `let` and `letI` is that `letI` inlines the value.
But this is not relevant for proofs because of proof irrelevance.

Note: This linter can be disabled with `set_option linter.style.haveILetI false`
warning: PaperN/PartI/InvariantGDelta.lean:63:2: Try this: 
  letI̵

The goal is a proposition, so `let` is preferred over `letI`.
The difference between `let` and `letI` is that `letI` inlines the value.
But this is not relevant for proofs because of proof irrelevance.

Note: This linter can be disabled with `set_option linter.style.haveILetI false`
warning: PaperN/PartI/InvariantGDelta.lean:82:13: `Set.mem_setOf_eq` has been deprecated: Use `Set.mem_ofPred_eq` instead

Hint: Replace the deprecated name:
  m̵e̵m̵_̵s̵e̵t̵O̵f̵_̵e̵q̵m̲e̲m̲_̲o̲f̲P̲r̲e̲d̲_̲e̲q̲
warning: PaperN/PartI/InvariantGDelta.lean:89:2: Try this: 
  letI̵

The goal is a proposition, so `let` is preferred over `letI`.
The difference between `let` and `letI` is that `letI` inlines the value.
But this is not relevant for proofs because of proof irrelevance.

Note: This linter can be disabled with `set_option linter.style.haveILetI false`
warning: PaperN/PartI/InvariantGDelta.lean:103:2: Try this: 
  letI̵

The goal is a proposition, so `let` is preferred over `letI`.
The difference between `let` and `letI` is that `letI` inlines the value.
But this is not relevant for proofs because of proof irrelevance.

Note: This linter can be disabled with `set_option linter.style.haveILetI false`
⚠ [9051/9276] Replayed PaperN.PartI.GDeltaPolish
warning: PaperN/PartI/GDeltaPolish.lean:12:2: Try this: 
  letI̵

The goal is a proposition, so `let` is preferred over `letI`.
The difference between `let` and `letI` is that `letI` inlines the value.
But this is not relevant for proofs because of proof irrelevance.

Note: This linter can be disabled with `set_option linter.style.haveILetI false`
warning: PaperN/PartI/GDeltaPolish.lean:32:15: `Set.setOf_forall` has been deprecated: Use `Set.ofPred_forall` instead

Hint: Replace the deprecated name:
  s̵e̵t̵O̵f̵_̵f̵o̵r̵a̵l̵l̵o̲f̲P̲r̲e̲d̲_̲f̲o̲r̲a̲l̲l̲
⚠ [9052/9276] Replayed PaperN.PartI.InvariantPolish
warning: PaperN/PartI/InvariantPolish.lean:11:2: Try this: 
  letI̵

The goal is a proposition, so `let` is preferred over `letI`.
The difference between `let` and `letI` is that `letI` inlines the value.
But this is not relevant for proofs because of proof irrelevance.

Note: This linter can be disabled with `set_option linter.style.haveILetI false`
warning: PaperN/PartI/InvariantPolish.lean:12:2: Try this: 
  letI̵

The goal is a proposition, so `let` is preferred over `letI`.
The difference between `let` and `letI` is that `letI` inlines the value.
But this is not relevant for proofs because of proof irrelevance.

Note: This linter can be disabled with `set_option linter.style.haveILetI false`
warning: PaperN/PartI/InvariantPolish.lean:13:2: Try this: 
  letI̵

The goal is a proposition, so `let` is preferred over `letI`.
The difference between `let` and `letI` is that `letI` inlines the value.
But this is not relevant for proofs because of proof irrelevance.

Note: This linter can be disabled with `set_option linter.style.haveILetI false`
warning: PaperN/PartI/InvariantPolish.lean:14:2: Try this: 
  letI̵

The goal is a proposition, so `let` is preferred over `letI`.
The difference between `let` and `letI` is that `letI` inlines the value.
But this is not relevant for proofs because of proof irrelevance.

Note: This linter can be disabled with `set_option linter.style.haveILetI false`
⚠ [9064/9276] Replayed PaperN.PartI.InvariantApproximation
warning: PaperN/PartI/InvariantApproximation.lean:27:4: Try this: 
  letI̵

The goal is a proposition, so `let` is preferred over `letI`.
The difference between `let` and `letI` is that `letI` inlines the value.
But this is not relevant for proofs because of proof irrelevance.

Note: This linter can be disabled with `set_option linter.style.haveILetI false`
warning: PaperN/PartI/InvariantApproximation.lean:35:4: Try this: 
  letI̵

The goal is a proposition, so `let` is preferred over `letI`.
The difference between `let` and `letI` is that `letI` inlines the value.
But this is not relevant for proofs because of proof irrelevance.

Note: This linter can be disabled with `set_option linter.style.haveILetI false`
warning: PaperN/PartI/InvariantApproximation.lean:36:4: Try this: 
  letI̵

The goal is a proposition, so `let` is preferred over `letI`.
The difference between `let` and `letI` is that `letI` inlines the value.
But this is not relevant for proofs because of proof irrelevance.

Note: This linter can be disabled with `set_option linter.style.haveILetI false`
⚠ [9065/9276] Replayed PaperN.PartI.InvariantLifts
warning: PaperN/PartI/InvariantLifts.lean:13:2: Try this: 
  letI̵

The goal is a proposition, so `let` is preferred over `letI`.
The difference between `let` and `letI` is that `letI` inlines the value.
But this is not relevant for proofs because of proof irrelevance.

Note: This linter can be disabled with `set_option linter.style.haveILetI false`
⚠ [9066/9276] Replayed PaperN.PartI.OpenProjection
warning: PaperN/PartI/OpenProjection.lean:33:2: Try this: 
  letI̵

The goal is a proposition, so `let` is preferred over `letI`.
The difference between `let` and `letI` is that `letI` inlines the value.
But this is not relevant for proofs because of proof irrelevance.

Note: This linter can be disabled with `set_option linter.style.haveILetI false`
warning: PaperN/PartI/OpenProjection.lean:34:2: Try this: 
  letI̵

The goal is a proposition, so `let` is preferred over `letI`.
The difference between `let` and `letI` is that `letI` inlines the value.
But this is not relevant for proofs because of proof irrelevance.

Note: This linter can be disabled with `set_option linter.style.haveILetI false`
warning: PaperN/PartI/OpenProjection.lean:62:2: Try this: 
  letI̵

The goal is a proposition, so `let` is preferred over `letI`.
The difference between `let` and `letI` is that `letI` inlines the value.
But this is not relevant for proofs because of proof irrelevance.

Note: This linter can be disabled with `set_option linter.style.haveILetI false`
warning: PaperN/PartI/OpenProjection.lean:63:2: Try this: 
  letI̵

The goal is a proposition, so `let` is preferred over `letI`.
The difference between `let` and `letI` is that `letI` inlines the value.
But this is not relevant for proofs because of proof irrelevance.

Note: This linter can be disabled with `set_option linter.style.haveILetI false`
⚠ [9068/9276] Replayed PaperN.PartI.InvariantSelection
warning: PaperN/PartI/InvariantSelection.lean:15:2: Try this: 
  letI̵

The goal is a proposition, so `let` is preferred over `letI`.
The difference between `let` and `letI` is that `letI` inlines the value.
But this is not relevant for proofs because of proof irrelevance.

Note: This linter can be disabled with `set_option linter.style.haveILetI false`
warning: PaperN/PartI/InvariantSelection.lean:16:2: Try this: 
  letI̵

The goal is a proposition, so `let` is preferred over `letI`.
The difference between `let` and `letI` is that `letI` inlines the value.
But this is not relevant for proofs because of proof irrelevance.

Note: This linter can be disabled with `set_option linter.style.haveILetI false`
warning: PaperN/PartI/InvariantSelection.lean:17:2: Try this: 
  letI̵

The goal is a proposition, so `let` is preferred over `letI`.
The difference between `let` and `letI` is that `letI` inlines the value.
But this is not relevant for proofs because of proof irrelevance.

Note: This linter can be disabled with `set_option linter.style.haveILetI false`
warning: PaperN/PartI/InvariantSelection.lean:18:2: Try this: 
  letI̵

The goal is a proposition, so `let` is preferred over `letI`.
The difference between `let` and `letI` is that `letI` inlines the value.
But this is not relevant for proofs because of proof irrelevance.

Note: This linter can be disabled with `set_option linter.style.haveILetI false`
warning: PaperN/PartI/InvariantSelection.lean:19:2: Try this: 
  letI̵

The goal is a proposition, so `let` is preferred over `letI`.
The difference between `let` and `letI` is that `letI` inlines the value.
But this is not relevant for proofs because of proof irrelevance.

Note: This linter can be disabled with `set_option linter.style.haveILetI false`
warning: PaperN/PartI/InvariantSelection.lean:20:2: Try this: 
  letI̵

The goal is a proposition, so `let` is preferred over `letI`.
The difference between `let` and `letI` is that `letI` inlines the value.
But this is not relevant for proofs because of proof irrelevance.

Note: This linter can be disabled with `set_option linter.style.haveILetI false`
warning: PaperN/PartI/InvariantSelection.lean:21:2: Try this: 
  letI̵

The goal is a proposition, so `let` is preferred over `letI`.
The difference between `let` and `letI` is that `letI` inlines the value.
But this is not relevant for proofs because of proof irrelevance.

Note: This linter can be disabled with `set_option linter.style.haveILetI false`
⚠ [9069/9276] Replayed PaperN.PartI.SelectedProbability
warning: PaperN/PartI/SelectedProbability.lean:29:2: Try this: 
  letI̵

The goal is a proposition, so `let` is preferred over `letI`.
The difference between `let` and `letI` is that `letI` inlines the value.
But this is not relevant for proofs because of proof irrelevance.

Note: This linter can be disabled with `set_option linter.style.haveILetI false`
warning: PaperN/PartI/SelectedProbability.lean:30:2: Try this: 
  letI̵

The goal is a proposition, so `let` is preferred over `letI`.
The difference between `let` and `letI` is that `letI` inlines the value.
But this is not relevant for proofs because of proof irrelevance.

Note: This linter can be disabled with `set_option linter.style.haveILetI false`
warning: PaperN/PartI/SelectedProbability.lean:31:2: Try this: 
  letI̵

The goal is a proposition, so `let` is preferred over `letI`.
The difference between `let` and `letI` is that `letI` inlines the value.
But this is not relevant for proofs because of proof irrelevance.

Note: This linter can be disabled with `set_option linter.style.haveILetI false`
warning: PaperN/PartI/SelectedProbability.lean:32:2: Try this: 
  letI̵

The goal is a proposition, so `let` is preferred over `letI`.
The difference between `let` and `letI` is that `letI` inlines the value.
But this is not relevant for proofs because of proof irrelevance.

Note: This linter can be disabled with `set_option linter.style.haveILetI false`
warning: PaperN/PartI/SelectedProbability.lean:33:2: Try this: 
  letI̵

The goal is a proposition, so `let` is preferred over `letI`.
The difference between `let` and `letI` is that `letI` inlines the value.
But this is not relevant for proofs because of proof irrelevance.

Note: This linter can be disabled with `set_option linter.style.haveILetI false`
warning: PaperN/PartI/SelectedProbability.lean:34:2: Try this: 
  letI̵

The goal is a proposition, so `let` is preferred over `letI`.
The difference between `let` and `letI` is that `letI` inlines the value.
But this is not relevant for proofs because of proof irrelevance.

Note: This linter can be disabled with `set_option linter.style.haveILetI false`
⚠ [9070/9276] Replayed PaperN.PartI.InvariantAssignment
warning: PaperN/PartI/InvariantAssignment.lean:16:2: Try this: 
  letI̵

The goal is a proposition, so `let` is preferred over `letI`.
The difference between `let` and `letI` is that `letI` inlines the value.
But this is not relevant for proofs because of proof irrelevance.

Note: This linter can be disabled with `set_option linter.style.haveILetI false`
warning: PaperN/PartI/InvariantAssignment.lean:17:2: Try this: 
  letI̵

The goal is a proposition, so `let` is preferred over `letI`.
The difference between `let` and `letI` is that `letI` inlines the value.
But this is not relevant for proofs because of proof irrelevance.

Note: This linter can be disabled with `set_option linter.style.haveILetI false`
warning: PaperN/PartI/InvariantAssignment.lean:18:2: Try this: 
  letI̵

The goal is a proposition, so `let` is preferred over `letI`.
The difference between `let` and `letI` is that `letI` inlines the value.
But this is not relevant for proofs because of proof irrelevance.

Note: This linter can be disabled with `set_option linter.style.haveILetI false`
warning: PaperN/PartI/InvariantAssignment.lean:19:2: Try this: 
  letI̵

The goal is a proposition, so `let` is preferred over `letI`.
The difference between `let` and `letI` is that `letI` inlines the value.
But this is not relevant for proofs because of proof irrelevance.

Note: This linter can be disabled with `set_option linter.style.haveILetI false`
warning: PaperN/PartI/InvariantAssignment.lean:20:2: Try this: 
  letI̵

The goal is a proposition, so `let` is preferred over `letI`.
The difference between `let` and `letI` is that `letI` inlines the value.
But this is not relevant for proofs because of proof irrelevance.

Note: This linter can be disabled with `set_option linter.style.haveILetI false`
warning: PaperN/PartI/InvariantAssignment.lean:21:2: Try this: 
  letI̵

The goal is a proposition, so `let` is preferred over `letI`.
The difference between `let` and `letI` is that `letI` inlines the value.
But this is not relevant for proofs because of proof irrelevance.

Note: This linter can be disabled with `set_option linter.style.haveILetI false`
⚠ [9071/9276] Replayed PaperN.PartI.GHSection
warning: PaperN/PartI/GHSection.lean:42:2: Try this: 
  letI̵

The goal is a proposition, so `let` is preferred over `letI`.
The difference between `let` and `letI` is that `letI` inlines the value.
But this is not relevant for proofs because of proof irrelevance.

Note: This linter can be disabled with `set_option linter.style.haveILetI false`
⚠ [9072/9276] Replayed PaperN.PartI.UniverseAssignment
warning: PaperN/PartI/UniverseAssignment.lean:32:2: Try this: 
  letI̵

The goal is a proposition, so `let` is preferred over `letI`.
The difference between `let` and `letI` is that `letI` inlines the value.
But this is not relevant for proofs because of proof irrelevance.

Note: This linter can be disabled with `set_option linter.style.haveILetI false`
warning: PaperN/PartI/UniverseAssignment.lean:51:2: Try this: 
  letI̵

The goal is a proposition, so `let` is preferred over `letI`.
The difference between `let` and `letI` is that `letI` inlines the value.
But this is not relevant for proofs because of proof irrelevance.

Note: This linter can be disabled with `set_option linter.style.haveILetI false`
warning: PaperN/PartI/UniverseAssignment.lean:52:2: Try this: 
  letI̵

The goal is a proposition, so `let` is preferred over `letI`.
The difference between `let` and `letI` is that `letI` inlines the value.
But this is not relevant for proofs because of proof irrelevance.

Note: This linter can be disabled with `set_option linter.style.haveILetI false`
warning: PaperN/PartI/UniverseAssignment.lean:62:2: Try this: 
  letI̵

The goal is a proposition, so `let` is preferred over `letI`.
The difference between `let` and `letI` is that `letI` inlines the value.
But this is not relevant for proofs because of proof irrelevance.

Note: This linter can be disabled with `set_option linter.style.haveILetI false`
warning: PaperN/PartI/UniverseAssignment.lean:64:2: Try this: 
  haveI̵

The goal is a proposition, so `have` is preferred over `haveI`.
The difference between `have` and `haveI` is that `haveI` inlines the value.
But this is not relevant for proofs because of proof irrelevance.

Note: This linter can be disabled with `set_option linter.style.haveILetI false`
warning: PaperN/PartI/UniverseAssignment.lean:66:2: Try this: 
  haveI̵

The goal is a proposition, so `have` is preferred over `haveI`.
The difference between `have` and `haveI` is that `haveI` inlines the value.
But this is not relevant for proofs because of proof irrelevance.

Note: This linter can be disabled with `set_option linter.style.haveILetI false`
warning: PaperN/PartI/UniverseAssignment.lean:110:2: Try this: 
  letI̵

The goal is a proposition, so `let` is preferred over `letI`.
The difference between `let` and `letI` is that `letI` inlines the value.
But this is not relevant for proofs because of proof irrelevance.

Note: This linter can be disabled with `set_option linter.style.haveILetI false`
⚠ [9073/9276] Replayed PaperN.Shared.UniformSeparated
warning: PaperN/Shared/UniformSeparated.lean:17:2: Try this: 
  letI̵

The goal is a proposition, so `let` is preferred over `letI`.
The difference between `let` and `letI` is that `letI` inlines the value.
But this is not relevant for proofs because of proof irrelevance.

Note: This linter can be disabled with `set_option linter.style.haveILetI false`
warning: PaperN/Shared/UniformSeparated.lean:40:2: Try this: 
  letI̵

The goal is a proposition, so `let` is preferred over `letI`.
The difference between `let` and `letI` is that `letI` inlines the value.
But this is not relevant for proofs because of proof irrelevance.

Note: This linter can be disabled with `set_option linter.style.haveILetI false`
⚠ [9075/9276] Replayed PaperN.PartIV.RecursiveProducts
warning: PaperN/PartIV/RecursiveProducts.lean:15:2: Try this: 
  letI̵

The goal is a proposition, so `let` is preferred over `letI`.
The difference between `let` and `letI` is that `letI` inlines the value.
But this is not relevant for proofs because of proof irrelevance.

Note: This linter can be disabled with `set_option linter.style.haveILetI false`
warning: PaperN/PartIV/RecursiveProducts.lean:32:4: Try this: 
  letI̵

The goal is a proposition, so `let` is preferred over `letI`.
The difference between `let` and `letI` is that `letI` inlines the value.
But this is not relevant for proofs because of proof irrelevance.

Note: This linter can be disabled with `set_option linter.style.haveILetI false`
warning: PaperN/PartIV/RecursiveProducts.lean:38:4: Try this: 
  letI̵

The goal is a proposition, so `let` is preferred over `letI`.
The difference between `let` and `letI` is that `letI` inlines the value.
But this is not relevant for proofs because of proof irrelevance.

Note: This linter can be disabled with `set_option linter.style.haveILetI false`
warning: PaperN/PartIV/RecursiveProducts.lean:51:4: Try this: 
  letI̵

The goal is a proposition, so `let` is preferred over `letI`.
The difference between `let` and `letI` is that `letI` inlines the value.
But this is not relevant for proofs because of proof irrelevance.

Note: This linter can be disabled with `set_option linter.style.haveILetI false`
warning: PaperN/PartIV/RecursiveProducts.lean:91:4: Try this: 
  letI̵

The goal is a proposition, so `let` is preferred over `letI`.
The difference between `let` and `letI` is that `letI` inlines the value.
But this is not relevant for proofs because of proof irrelevance.

Note: This linter can be disabled with `set_option linter.style.haveILetI false`
⚠ [9076/9276] Replayed PaperN.PartIV.LocallyFiniteProducts
warning: PaperN/PartIV/LocallyFiniteProducts.lean:14:2: Try this: 
  letI̵

The goal is a proposition, so `let` is preferred over `letI`.
The difference between `let` and `letI` is that `letI` inlines the value.
But this is not relevant for proofs because of proof irrelevance.

Note: This linter can be disabled with `set_option linter.style.haveILetI false`
warning: PaperN/PartIV/LocallyFiniteProducts.lean:37:2: Try this: 
  letI̵

The goal is a proposition, so `let` is preferred over `letI`.
The difference between `let` and `letI` is that `letI` inlines the value.
But this is not relevant for proofs because of proof irrelevance.

Note: This linter can be disabled with `set_option linter.style.haveILetI false`
⚠ [9078/9276] Replayed PaperN.PartIV.HilbertCubeApproximation
warning: PaperN/PartIV/HilbertCubeApproximation.lean:36:2: Try this: 
  letI̵

The goal is a proposition, so `let` is preferred over `letI`.
The difference between `let` and `letI` is that `letI` inlines the value.
But this is not relevant for proofs because of proof irrelevance.

Note: This linter can be disabled with `set_option linter.style.haveILetI false`
⚠ [9081/9276] Replayed PaperN.PartI.GHCommonEmbeddingProof
warning: PaperN/PartI/GHCommonEmbeddingProof.lean:27:2: Try this: 
  letI̵

The goal is a proposition, so `let` is preferred over `letI`.
The difference between `let` and `letI` is that `letI` inlines the value.
But this is not relevant for proofs because of proof irrelevance.

Note: This linter can be disabled with `set_option linter.style.haveILetI false`
⚠ [9083/9276] Replayed PaperN.PartI.CompatibleMetric
warning: PaperN/PartI/CompatibleMetric.lean:20:2: Try this: 
  letI̵

The goal is a proposition, so `let` is preferred over `letI`.
The difference between `let` and `letI` is that `letI` inlines the value.
But this is not relevant for proofs because of proof irrelevance.

Note: This linter can be disabled with `set_option linter.style.haveILetI false`
⚠ [9084/9276] Replayed PaperN.PartI.FixedTopologyAssignmentStatements
warning: PaperN/PartI/FixedTopologyAssignmentStatements.lean:31:42: Variable name `hes` is not explicitly referenced.

Hint: The binding can be removed (if unused) or named `_` (if used implicitly). Alternatively, prefix the name with `_` to silence this warning:
  [apply] _hes

Note: This linter can be disabled with `set_option linter.unusedVariables false`
warning: PaperN/PartI/FixedTopologyAssignmentStatements.lean:31:71: Variable name `he` is not explicitly referenced.

Hint: The binding can be removed (if unused) or named `_` (if used implicitly). Alternatively, prefix the name with `_` to silence this warning:
  [apply] _he

Note: This linter can be disabled with `set_option linter.unusedVariables false`
⚠ [9085/9276] Replayed PaperN.PartI.FixedTopologyAssignment
warning: PaperN/PartI/FixedTopologyAssignment.lean:24:2: Try this: 
  letI̵

The goal is a proposition, so `let` is preferred over `letI`.
The difference between `let` and `letI` is that `letI` inlines the value.
But this is not relevant for proofs because of proof irrelevance.

Note: This linter can be disabled with `set_option linter.style.haveILetI false`
warning: PaperN/PartI/FixedTopologyAssignment.lean:36:2: Try this: 
  letI̵

The goal is a proposition, so `let` is preferred over `letI`.
The difference between `let` and `letI` is that `letI` inlines the value.
But this is not relevant for proofs because of proof irrelevance.

Note: This linter can be disabled with `set_option linter.style.haveILetI false`
warning: PaperN/PartI/FixedTopologyAssignment.lean:37:2: Try this: 
  letI̵

The goal is a proposition, so `let` is preferred over `letI`.
The difference between `let` and `letI` is that `letI` inlines the value.
But this is not relevant for proofs because of proof irrelevance.

Note: This linter can be disabled with `set_option linter.style.haveILetI false`
warning: PaperN/PartI/FixedTopologyAssignment.lean:53:2: Try this: 
  letI̵

The goal is a proposition, so `let` is preferred over `letI`.
The difference between `let` and `letI` is that `letI` inlines the value.
But this is not relevant for proofs because of proof irrelevance.

Note: This linter can be disabled with `set_option linter.style.haveILetI false`
warning: PaperN/PartI/FixedTopologyAssignment.lean:54:2: Try this: 
  letI̵

The goal is a proposition, so `let` is preferred over `letI`.
The difference between `let` and `letI` is that `letI` inlines the value.
But this is not relevant for proofs because of proof irrelevance.

Note: This linter can be disabled with `set_option linter.style.haveILetI false`
warning: PaperN/PartI/FixedTopologyAssignment.lean:48:40: Variable name `hes` is not explicitly referenced.

Hint: The binding can be removed (if unused) or named `_` (if used implicitly). Alternatively, prefix the name with `_` to silence this warning:
  [apply] _hes

Note: This linter can be disabled with `set_option linter.unusedVariables false`
warning: PaperN/PartI/FixedTopologyAssignment.lean:48:69: Variable name `he` is not explicitly referenced.

Hint: The binding can be removed (if unused) or named `_` (if used implicitly). Alternatively, prefix the name with `_` to silence this warning:
  [apply] _he

Note: This linter can be disabled with `set_option linter.unusedVariables false`
warning: PaperN/PartI/FixedTopologyAssignment.lean:72:2: Try this: 
  letI̵

The goal is a proposition, so `let` is preferred over `letI`.
The difference between `let` and `letI` is that `letI` inlines the value.
But this is not relevant for proofs because of proof irrelevance.

Note: This linter can be disabled with `set_option linter.style.haveILetI false`
⚠ [9086/9276] Replayed PaperN.PartI.CurrentStatements
warning: PaperN/PartI/CurrentStatements.lean:47:40: Variable name `hes` is not explicitly referenced.

Hint: The binding can be removed (if unused) or named `_` (if used implicitly). Alternatively, prefix the name with `_` to silence this warning:
  [apply] _hes

Note: This linter can be disabled with `set_option linter.unusedVariables false`
warning: PaperN/PartI/CurrentStatements.lean:47:69: Variable name `he` is not explicitly referenced.

Hint: The binding can be removed (if unused) or named `_` (if used implicitly). Alternatively, prefix the name with `_` to silence this warning:
  [apply] _he

Note: This linter can be disabled with `set_option linter.unusedVariables false`
⚠ [9087/9276] Replayed PaperN.PartI.ProkhorovMapApproximation
warning: PaperN/PartI/ProkhorovMapApproximation.lean:14:2: Try this: 
  letI̵

The goal is a proposition, so `let` is preferred over `letI`.
The difference between `let` and `letI` is that `letI` inlines the value.
But this is not relevant for proofs because of proof irrelevance.

Note: This linter can be disabled with `set_option linter.style.haveILetI false`
warning: PaperN/PartI/ProkhorovMapApproximation.lean:15:2: Try this: 
  letI̵

The goal is a proposition, so `let` is preferred over `letI`.
The difference between `let` and `letI` is that `letI` inlines the value.
But this is not relevant for proofs because of proof irrelevance.

Note: This linter can be disabled with `set_option linter.style.haveILetI false`
⚠ [9090/9276] Replayed PaperN.PartI.CompactIsometryEmbeddings
warning: PaperN/PartI/CompactIsometryEmbeddings.lean:17:17: `Set.mem_setOf_eq` has been deprecated: Use `Set.mem_ofPred_eq` instead

Hint: Replace the deprecated name:
  m̵e̵m̵_̵s̵e̵t̵O̵f̵_̵e̵q̵m̲e̲m̲_̲o̲f̲P̲r̲e̲d̲_̲e̲q̲
warning: PaperN/PartI/CompactIsometryEmbeddings.lean:24:26: `Isometry.lipschitz` has been deprecated: Use `Isometry.lipschitzWith` instead
⚠ [9093/9276] Replayed PaperN.PartI.CouplingCommonAmbient
warning: PaperN/PartI/CouplingCommonAmbient.lean:111:2: Try this: 
  letI̵

The goal is a proposition, so `let` is preferred over `letI`.
The difference between `let` and `letI` is that `letI` inlines the value.
But this is not relevant for proofs because of proof irrelevance.

Note: This linter can be disabled with `set_option linter.style.haveILetI false`
warning: PaperN/PartI/CouplingCommonAmbient.lean:112:2: Try this: 
  letI̵

The goal is a proposition, so `let` is preferred over `letI`.
The difference between `let` and `letI` is that `letI` inlines the value.
But this is not relevant for proofs because of proof irrelevance.

Note: This linter can be disabled with `set_option linter.style.haveILetI false`
⚠ [9094/9276] Replayed PaperN.PartI.CompactRealizationRestriction
warning: PaperN/PartI/CompactRealizationRestriction.lean:33:2: Try this: 
  letI̵

The goal is a proposition, so `let` is preferred over `letI`.
The difference between `let` and `letI` is that `letI` inlines the value.
But this is not relevant for proofs because of proof irrelevance.

Note: This linter can be disabled with `set_option linter.style.haveILetI false`
warning: PaperN/PartI/CompactRealizationRestriction.lean:34:2: Try this: 
  letI̵

The goal is a proposition, so `let` is preferred over `letI`.
The difference between `let` and `letI` is that `letI` inlines the value.
But this is not relevant for proofs because of proof irrelevance.

Note: This linter can be disabled with `set_option linter.style.haveILetI false`
warning: PaperN/PartI/CompactRealizationRestriction.lean:35:2: Try this: 
  letI̵

The goal is a proposition, so `let` is preferred over `letI`.
The difference between `let` and `letI` is that `letI` inlines the value.
But this is not relevant for proofs because of proof irrelevance.

Note: This linter can be disabled with `set_option linter.style.haveILetI false`
warning: PaperN/PartI/CompactRealizationRestriction.lean:72:2: Try this: 
  letI̵

The goal is a proposition, so `let` is preferred over `letI`.
The difference between `let` and `letI` is that `letI` inlines the value.
But this is not relevant for proofs because of proof irrelevance.

Note: This linter can be disabled with `set_option linter.style.haveILetI false`
warning: PaperN/PartI/CompactRealizationRestriction.lean:73:2: Try this: 
  letI̵

The goal is a proposition, so `let` is preferred over `letI`.
The difference between `let` and `letI` is that `letI` inlines the value.
But this is not relevant for proofs because of proof irrelevance.

Note: This linter can be disabled with `set_option linter.style.haveILetI false`
warning: PaperN/PartI/CompactRealizationRestriction.lean:74:2: Try this: 
  letI̵

The goal is a proposition, so `let` is preferred over `letI`.
The difference between `let` and `letI` is that `letI` inlines the value.
But this is not relevant for proofs because of proof irrelevance.

Note: This linter can be disabled with `set_option linter.style.haveILetI false`
⚠ [9096/9276] Replayed PaperN.PartI.CompactCouplingGluing
warning: PaperN/PartI/CompactCouplingGluing.lean:54:2: Try this: 
  letI̵

The goal is a proposition, so `let` is preferred over `letI`.
The difference between `let` and `letI` is that `letI` inlines the value.
But this is not relevant for proofs because of proof irrelevance.

Note: This linter can be disabled with `set_option linter.style.haveILetI false`
warning: PaperN/PartI/CompactCouplingGluing.lean:55:2: Try this: 
  letI̵

The goal is a proposition, so `let` is preferred over `letI`.
The difference between `let` and `letI` is that `letI` inlines the value.
But this is not relevant for proofs because of proof irrelevance.

Note: This linter can be disabled with `set_option linter.style.haveILetI false`
warning: PaperN/PartI/CompactCouplingGluing.lean:73:23: Used `tac1 <;> tac2` where `(tac1; tac2)` would suffice

Note: This linter can be disabled with `set_option linter.unnecessarySeqFocus false`
warning: PaperN/PartI/CompactCouplingGluing.lean:73:57: Used `tac1 <;> tac2` where `(tac1; tac2)` would suffice

Note: This linter can be disabled with `set_option linter.unnecessarySeqFocus false`
⚠ [9100/9276] Replayed PaperN.PartI.UniverseGHP
warning: PaperN/PartI/UniverseGHP.lean:32:2: Try this: 
  letI̵

The goal is a proposition, so `let` is preferred over `letI`.
The difference between `let` and `letI` is that `letI` inlines the value.
But this is not relevant for proofs because of proof irrelevance.

Note: This linter can be disabled with `set_option linter.style.haveILetI false`
warning: PaperN/PartI/UniverseGHP.lean:34:2: Try this: 
  letI̵

The goal is a proposition, so `let` is preferred over `letI`.
The difference between `let` and `letI` is that `letI` inlines the value.
But this is not relevant for proofs because of proof irrelevance.

Note: This linter can be disabled with `set_option linter.style.haveILetI false`
warning: PaperN/PartI/UniverseGHP.lean:35:2: Try this: 
  letI̵

The goal is a proposition, so `let` is preferred over `letI`.
The difference between `let` and `letI` is that `letI` inlines the value.
But this is not relevant for proofs because of proof irrelevance.

Note: This linter can be disabled with `set_option linter.style.haveILetI false`
warning: PaperN/PartI/UniverseGHP.lean:93:2: Try this: 
  letI̵

The goal is a proposition, so `let` is preferred over `letI`.
The difference between `let` and `letI` is that `letI` inlines the value.
But this is not relevant for proofs because of proof irrelevance.

Note: This linter can be disabled with `set_option linter.style.haveILetI false`
warning: PaperN/PartI/UniverseGHP.lean:94:2: Try this: 
  letI̵

The goal is a proposition, so `let` is preferred over `letI`.
The difference between `let` and `letI` is that `letI` inlines the value.
But this is not relevant for proofs because of proof irrelevance.

Note: This linter can be disabled with `set_option linter.style.haveILetI false`
warning: PaperN/PartI/UniverseGHP.lean:95:2: Try this: 
  letI̵

The goal is a proposition, so `let` is preferred over `letI`.
The difference between `let` and `letI` is that `letI` inlines the value.
But this is not relevant for proofs because of proof irrelevance.

Note: This linter can be disabled with `set_option linter.style.haveILetI false`
warning: PaperN/PartI/UniverseGHP.lean:96:2: Try this: 
  letI̵

The goal is a proposition, so `let` is preferred over `letI`.
The difference between `let` and `letI` is that `letI` inlines the value.
But this is not relevant for proofs because of proof irrelevance.

Note: This linter can be disabled with `set_option linter.style.haveILetI false`
warning: PaperN/PartI/UniverseGHP.lean:98:2: Try this: 
  letI̵

The goal is a proposition, so `let` is preferred over `letI`.
The difference between `let` and `letI` is that `letI` inlines the value.
But this is not relevant for proofs because of proof irrelevance.

Note: This linter can be disabled with `set_option linter.style.haveILetI false`
warning: PaperN/PartI/UniverseGHP.lean:99:2: Try this: 
  letI̵

The goal is a proposition, so `let` is preferred over `letI`.
The difference between `let` and `letI` is that `letI` inlines the value.
But this is not relevant for proofs because of proof irrelevance.

Note: This linter can be disabled with `set_option linter.style.haveILetI false`
⚠ [9103/9276] Replayed PaperN.PartI.GHPCauchyRealization
warning: PaperN/PartI/GHPCauchyRealization.lean:14:2: Try this: 
  letI̵

The goal is a proposition, so `let` is preferred over `letI`.
The difference between `let` and `letI` is that `letI` inlines the value.
But this is not relevant for proofs because of proof irrelevance.

Note: This linter can be disabled with `set_option linter.style.haveILetI false`
warning: PaperN/PartI/GHPCauchyRealization.lean:28:2: Try this: 
  letI̵

The goal is a proposition, so `let` is preferred over `letI`.
The difference between `let` and `letI` is that `letI` inlines the value.
But this is not relevant for proofs because of proof irrelevance.

Note: This linter can be disabled with `set_option linter.style.haveILetI false`
⚠ [9104/9276] Replayed PaperN.PartI.GHPCompleteness
warning: PaperN/PartI/GHPCompleteness.lean:14:2: Try this: 
  letI̵

The goal is a proposition, so `let` is preferred over `letI`.
The difference between `let` and `letI` is that `letI` inlines the value.
But this is not relevant for proofs because of proof irrelevance.

Note: This linter can be disabled with `set_option linter.style.haveILetI false`
⚠ [9105/9276] Replayed PaperN.PartI.OrdinaryProbabilityLifting
warning: PaperN/PartI/OrdinaryProbabilityLifting.lean:31:2: Try this: 
  letI̵

The goal is a proposition, so `let` is preferred over `letI`.
The difference between `let` and `letI` is that `letI` inlines the value.
But this is not relevant for proofs because of proof irrelevance.

Note: This linter can be disabled with `set_option linter.style.haveILetI false`
⚠ [9106/9276] Replayed PaperN.PartI.GHPSeparability
warning: PaperN/PartI/GHPSeparability.lean:17:2: Try this: 
  letI̵

The goal is a proposition, so `let` is preferred over `letI`.
The difference between `let` and `letI` is that `letI` inlines the value.
But this is not relevant for proofs because of proof irrelevance.

Note: This linter can be disabled with `set_option linter.style.haveILetI false`
warning: PaperN/PartI/GHPSeparability.lean:32:2: Try this: 
  letI̵

The goal is a proposition, so `let` is preferred over `letI`.
The difference between `let` and `letI` is that `letI` inlines the value.
But this is not relevant for proofs because of proof irrelevance.

Note: This linter can be disabled with `set_option linter.style.haveILetI false`
⚠ [9108/9276] Replayed PaperN.PartI.GHPCommonEmbeddingProof
warning: PaperN/PartI/GHPCommonEmbeddingProof.lean:16:2: Try this: 
  letI̵

The goal is a proposition, so `let` is preferred over `letI`.
The difference between `let` and `letI` is that `letI` inlines the value.
But this is not relevant for proofs because of proof irrelevance.

Note: This linter can be disabled with `set_option linter.style.haveILetI false`
warning: PaperN/PartI/GHPCommonEmbeddingProof.lean:17:2: Try this: 
  letI̵

The goal is a proposition, so `let` is preferred over `letI`.
The difference between `let` and `letI` is that `letI` inlines the value.
But this is not relevant for proofs because of proof irrelevance.

Note: This linter can be disabled with `set_option linter.style.haveILetI false`
⚠ [9110/9276] Replayed PaperN.PartII.CoordinateDefinitions
warning: PaperN/PartII/CoordinateDefinitions.lean:2:0: 'Mathlib.Analysis.Seminorm' has been deprecated: please replace this import by

import Mathlib.Analysis.Normed.Module.Seminorm.Basic
⚠ [9113/9276] Replayed PaperN.PartII.CoordinateEstimate
warning: PaperN/PartII/CoordinateEstimate.lean:79:2: Try this: 
  letI̵

The goal is a proposition, so `let` is preferred over `letI`.
The difference between `let` and `letI` is that `letI` inlines the value.
But this is not relevant for proofs because of proof irrelevance.

Note: This linter can be disabled with `set_option linter.style.haveILetI false`
warning: PaperN/PartII/CoordinateEstimate.lean:80:2: Try this: 
  letI̵

The goal is a proposition, so `let` is preferred over `letI`.
The difference between `let` and `letI` is that `letI` inlines the value.
But this is not relevant for proofs because of proof irrelevance.

Note: This linter can be disabled with `set_option linter.style.haveILetI false`
warning: PaperN/PartII/CoordinateEstimate.lean:109:2: Try this: 
  letI̵

The goal is a proposition, so `let` is preferred over `letI`.
The difference between `let` and `letI` is that `letI` inlines the value.
But this is not relevant for proofs because of proof irrelevance.

Note: This linter can be disabled with `set_option linter.style.haveILetI false`
⚠ [9116/9276] Replayed PaperN.PartII.CommonCorrespondences
warning: PaperN/PartII/CommonCorrespondences.lean:38:2: Try this: 
  letI̵

The goal is a proposition, so `let` is preferred over `letI`.
The difference between `let` and `letI` is that `letI` inlines the value.
But this is not relevant for proofs because of proof irrelevance.

Note: This linter can be disabled with `set_option linter.style.haveILetI false`
⚠ [9126/9276] Replayed PaperN.PartII.DistanceObjectiveConvergence
warning: PaperN/PartII/DistanceObjectiveConvergence.lean:20:2: Try this: 
  letI̵

The goal is a proposition, so `let` is preferred over `letI`.
The difference between `let` and `letI` is that `letI` inlines the value.
But this is not relevant for proofs because of proof irrelevance.

Note: This linter can be disabled with `set_option linter.style.haveILetI false`
warning: PaperN/PartII/DistanceObjectiveConvergence.lean:49:2: Try this: 
  letI̵

The goal is a proposition, so `let` is preferred over `letI`.
The difference between `let` and `letI` is that `letI` inlines the value.
But this is not relevant for proofs because of proof irrelevance.

Note: This linter can be disabled with `set_option linter.style.haveILetI false`
⚠ [9129/9276] Replayed PaperN.PartII.MovingDistanceObjective
warning: PaperN/PartII/MovingDistanceObjective.lean:39:2: Try this: 
  letI̵

The goal is a proposition, so `let` is preferred over `letI`.
The difference between `let` and `letI` is that `letI` inlines the value.
But this is not relevant for proofs because of proof irrelevance.

Note: This linter can be disabled with `set_option linter.style.haveILetI false`
⚠ [9138/9276] Replayed PaperN.PartII.UniformLpNormConvergence
warning: PaperN/PartII/UniformLpNormConvergence.lean:16:2: Try this: 
  letI̵

The goal is a proposition, so `let` is preferred over `letI`.
The difference between `let` and `letI` is that `letI` inlines the value.
But this is not relevant for proofs because of proof irrelevance.

Note: This linter can be disabled with `set_option linter.style.haveILetI false`
⚠ [9154/9276] Replayed PaperN.PartII.FiniteSpectralApproximation
warning: PaperN/PartII/FiniteSpectralApproximation.lean:23:2: Try this: 
  letI̵

The goal is a proposition, so `let` is preferred over `letI`.
The difference between `let` and `letI` is that `letI` inlines the value.
But this is not relevant for proofs because of proof irrelevance.

Note: This linter can be disabled with `set_option linter.style.haveILetI false`
warning: PaperN/PartII/FiniteSpectralApproximation.lean:38:4: `simp` already closes the goal

Hint: Use `simp` instead of `simpa`:
  [apply] simp [F]

Note: This linter can be disabled with `set_option linter.unnecessarySimpa false`
warning: PaperN/PartII/FiniteSpectralApproximation.lean:78:2: Try this: 
  letI̵

The goal is a proposition, so `let` is preferred over `letI`.
The difference between `let` and `letI` is that `letI` inlines the value.
But this is not relevant for proofs because of proof irrelevance.

Note: This linter can be disabled with `set_option linter.style.haveILetI false`
⚠ [9156/9276] Replayed PaperN.PartII.CutoffIdentification
warning: PaperN/PartII/CutoffIdentification.lean:49:2: Try this: 
  letI̵

The goal is a proposition, so `let` is preferred over `letI`.
The difference between `let` and `letI` is that `letI` inlines the value.
But this is not relevant for proofs because of proof irrelevance.

Note: This linter can be disabled with `set_option linter.style.haveILetI false`
warning: PaperN/PartII/CutoffIdentification.lean:66:2: Try this: 
  letI̵

The goal is a proposition, so `let` is preferred over `letI`.
The difference between `let` and `letI` is that `letI` inlines the value.
But this is not relevant for proofs because of proof irrelevance.

Note: This linter can be disabled with `set_option linter.style.haveILetI false`
warning: PaperN/PartII/CutoffIdentification.lean:77:2: Try this: 
  letI̵

The goal is a proposition, so `let` is preferred over `letI`.
The difference between `let` and `letI` is that `letI` inlines the value.
But this is not relevant for proofs because of proof irrelevance.

Note: This linter can be disabled with `set_option linter.style.haveILetI false`
⚠ [9158/9276] Replayed PaperN.PartII.CircleScalar
warning: PaperN/PartII/CircleScalar.lean:54:8: `if_pos` has been deprecated: Use `ite_eq_left` instead

Hint: Replace the deprecated name:
  i̵f̵_̵p̵o̵s̵i̲t̲e̲_̲e̲q̲_̲l̲e̲f̲t̲
warning: PaperN/PartII/CircleScalar.lean:58:8: `if_pos` has been deprecated: Use `ite_eq_left` instead

Hint: Replace the deprecated name:
  i̵f̵_̵p̵o̵s̵i̲t̲e̲_̲e̲q̲_̲l̲e̲f̲t̲
warning: PaperN/PartII/CircleScalar.lean:63:8: `if_neg` has been deprecated: Use `ite_eq_right` instead

Hint: Replace the deprecated name:
  i̵f̵_̵n̵e̵g̵i̲t̲e̲_̲e̲q̲_̲r̲i̲g̲h̲t̲
⚠ [9166/9276] Replayed PaperN.PartII.RectangleResolvent
warning: PaperN/PartII/RectangleResolvent.lean:79:48: `Set.mem_setOf_eq` has been deprecated: Use `Set.mem_ofPred_eq` instead

Hint: Replace the deprecated name:
  m̵e̵m̵_̵s̵e̵t̵O̵f̵_̵e̵q̵m̲e̲m̲_̲o̲f̲P̲r̲e̲d̲_̲e̲q̲
⚠ [9167/9276] Replayed PaperN.PartII.CutoffContour
warning: PaperN/PartII/CutoffContour.lean:74:13: `Set.mem_setOf_eq` has been deprecated: Use `Set.mem_ofPred_eq` instead

Hint: Replace the deprecated name:
  m̵e̵m̵_̵s̵e̵t̵O̵f̵_̵e̵q̵m̲e̲m̲_̲o̲f̲P̲r̲e̲d̲_̲e̲q̲
⚠ [9172/9276] Replayed PaperN.PartII.TwoCircleProjection
warning: PaperN/PartII/TwoCircleProjection.lean:177:8: `if_pos` has been deprecated: Use `ite_eq_left` instead

Hint: Replace the deprecated name:
  i̵f̵_̵p̵o̵s̵i̲t̲e̲_̲e̲q̲_̲l̲e̲f̲t̲
warning: PaperN/PartII/TwoCircleProjection.lean:180:8: `if_neg` has been deprecated: Use `ite_eq_right` instead

Hint: Replace the deprecated name:
  i̵f̵_̵n̵e̵g̵i̲t̲e̲_̲e̲q̲_̲r̲i̲g̲h̲t̲
warning: PaperN/PartII/TwoCircleProjection.lean:192:72: `if_pos` has been deprecated: Use `ite_eq_left` instead

Hint: Replace the deprecated name:
  i̵f̵_̵p̵o̵s̵i̲t̲e̲_̲e̲q̲_̲l̲e̲f̲t̲
warning: PaperN/PartII/TwoCircleProjection.lean:194:72: `if_neg` has been deprecated: Use `ite_eq_right` instead

Hint: Replace the deprecated name:
  i̵f̵_̵n̵e̵g̵i̲t̲e̲_̲e̲q̲_̲r̲i̲g̲h̲t̲
⚠ [9173/9276] Replayed PaperN.PartII.CompactEigenvalueInput
warning: PaperN/PartII/CompactEigenvalueInput.lean:33:2: Try this: 
  letI̵

The goal is a proposition, so `let` is preferred over `letI`.
The difference between `let` and `letI` is that `letI` inlines the value.
But this is not relevant for proofs because of proof irrelevance.

Note: This linter can be disabled with `set_option linter.style.haveILetI false`
warning: PaperN/PartII/CompactEigenvalueInput.lean:34:2: Try this: 
  letI̵

The goal is a proposition, so `let` is preferred over `letI`.
The difference between `let` and `letI` is that `letI` inlines the value.
But this is not relevant for proofs because of proof irrelevance.

Note: This linter can be disabled with `set_option linter.style.haveILetI false`
⚠ [9174/9276] Replayed PaperN.PartII.ComplexCutoffFinite
warning: PaperN/PartII/ComplexCutoffFinite.lean:12:2: Try this: 
  letI̵

The goal is a proposition, so `let` is preferred over `letI`.
The difference between `let` and `letI` is that `letI` inlines the value.
But this is not relevant for proofs because of proof irrelevance.

Note: This linter can be disabled with `set_option linter.style.haveILetI false`
warning: PaperN/PartII/ComplexCutoffFinite.lean:13:2: Try this: 
  letI̵

The goal is a proposition, so `let` is preferred over `letI`.
The difference between `let` and `letI` is that `letI` inlines the value.
But this is not relevant for proofs because of proof irrelevance.

Note: This linter can be disabled with `set_option linter.style.haveILetI false`
warning: PaperN/PartII/ComplexCutoffFinite.lean:49:2: Try this: 
  letI̵

The goal is a proposition, so `let` is preferred over `letI`.
The difference between `let` and `letI` is that `letI` inlines the value.
But this is not relevant for proofs because of proof irrelevance.

Note: This linter can be disabled with `set_option linter.style.haveILetI false`
warning: PaperN/PartII/ComplexCutoffFinite.lean:65:2: Try this: 
  letI̵

The goal is a proposition, so `let` is preferred over `letI`.
The difference between `let` and `letI` is that `letI` inlines the value.
But this is not relevant for proofs because of proof irrelevance.

Note: This linter can be disabled with `set_option linter.style.haveILetI false`
warning: PaperN/PartII/ComplexCutoffFinite.lean:75:2: Try this: 
  letI̵

The goal is a proposition, so `let` is preferred over `letI`.
The difference between `let` and `letI` is that `letI` inlines the value.
But this is not relevant for proofs because of proof irrelevance.

Note: This linter can be disabled with `set_option linter.style.haveILetI false`
⚠ [9176/9276] Replayed PaperN.PartII.RealComplexProjection
warning: PaperN/PartII/RealComplexProjection.lean:44:2: Try this: 
  letI̵

The goal is a proposition, so `let` is preferred over `letI`.
The difference between `let` and `letI` is that `letI` inlines the value.
But this is not relevant for proofs because of proof irrelevance.

Note: This linter can be disabled with `set_option linter.style.haveILetI false`
warning: PaperN/PartII/RealComplexProjection.lean:45:2: Try this: 
  letI̵

The goal is a proposition, so `let` is preferred over `letI`.
The difference between `let` and `letI` is that `letI` inlines the value.
But this is not relevant for proofs because of proof irrelevance.

Note: This linter can be disabled with `set_option linter.style.haveILetI false`
warning: PaperN/PartII/RealComplexProjection.lean:68:2: Try this: 
  letI̵

The goal is a proposition, so `let` is preferred over `letI`.
The difference between `let` and `letI` is that `letI` inlines the value.
But this is not relevant for proofs because of proof irrelevance.

Note: This linter can be disabled with `set_option linter.style.haveILetI false`
warning: PaperN/PartII/RealComplexProjection.lean:69:2: Try this: 
  letI̵

The goal is a proposition, so `let` is preferred over `letI`.
The difference between `let` and `letI` is that `letI` inlines the value.
But this is not relevant for proofs because of proof irrelevance.

Note: This linter can be disabled with `set_option linter.style.haveILetI false`
⚠ [9177/9276] Replayed PaperN.PartII.CutoffDimension
warning: PaperN/PartII/CutoffDimension.lean:43:2: Try this: 
  letI̵

The goal is a proposition, so `let` is preferred over `letI`.
The difference between `let` and `letI` is that `letI` inlines the value.
But this is not relevant for proofs because of proof irrelevance.

Note: This linter can be disabled with `set_option linter.style.haveILetI false`
warning: PaperN/PartII/CutoffDimension.lean:44:2: Try this: 
  letI̵

The goal is a proposition, so `let` is preferred over `letI`.
The difference between `let` and `letI` is that `letI` inlines the value.
But this is not relevant for proofs because of proof irrelevance.

Note: This linter can be disabled with `set_option linter.style.haveILetI false`
warning: PaperN/PartII/CutoffDimension.lean:45:2: Try this: 
  letI̵

The goal is a proposition, so `let` is preferred over `letI`.
The difference between `let` and `letI` is that `letI` inlines the value.
But this is not relevant for proofs because of proof irrelevance.

Note: This linter can be disabled with `set_option linter.style.haveILetI false`
⚠ [9184/9276] Replayed PaperN.PartII.PointwiseResolventStability
warning: PaperN/PartII/PointwiseResolventStability.lean:25:15: `ContinuousLinearMap.sub_apply` has been deprecated: Use `sub_apply` instead

Note: The updated constant is in a different namespace. Dot notation may need to be changed (e.g., from `x.sub_apply` to `sub_apply x`).

Hint: Replace the deprecated name:
  C̵o̵n̵t̵i̵n̵u̵o̵u̵s̵L̵i̵n̵e̵a̵r̵M̵a̵p̵.̵s̵u̵b̵_̵a̵p̵p̵l̵y̵s̲u̲b̲_̲a̲p̲p̲l̲y̲
⚠ [9186/9276] Replayed PaperN.PartII.CollectivelyCompactInverseConvergence
warning: PaperN/PartII/CollectivelyCompactInverseConvergence.lean:35:51: `ContinuousLinearMap.sub_apply` has been deprecated: Use `sub_apply` instead

Note: The updated constant is in a different namespace. Dot notation may need to be changed (e.g., from `x.sub_apply` to `sub_apply x`).

Hint: Replace the deprecated name:
  C̵o̵n̵t̵i̵n̵u̵o̵u̵s̵L̵i̵n̵e̵a̵r̵M̵a̵p̵.̵s̵u̵b̵_̵a̵p̵p̵l̵y̵s̲u̲b̲_̲a̲p̲p̲l̲y̲
⚠ [9194/9276] Replayed PaperN.PartII.AmbientSelectedEquivalence
warning: PaperN/PartII/AmbientSelectedEquivalence.lean:73:2: Try this: 
  letI̵

The goal is a proposition, so `let` is preferred over `letI`.
The difference between `let` and `letI` is that `letI` inlines the value.
But this is not relevant for proofs because of proof irrelevance.

Note: This linter can be disabled with `set_option linter.style.haveILetI false`
⚠ [9198/9276] Replayed PaperN.PartII.CompactSelectorFiniteRange
warning: PaperN/PartII/CompactSelectorFiniteRange.lean:50:2: Try this: 
  letI̵

The goal is a proposition, so `let` is preferred over `letI`.
The difference between `let` and `letI` is that `letI` inlines the value.
But this is not relevant for proofs because of proof irrelevance.

Note: This linter can be disabled with `set_option linter.style.haveILetI false`
warning: PaperN/PartII/CompactSelectorFiniteRange.lean:52:2: Try this: 
  letI̵

The goal is a proposition, so `let` is preferred over `letI`.
The difference between `let` and `letI` is that `letI` inlines the value.
But this is not relevant for proofs because of proof irrelevance.

Note: This linter can be disabled with `set_option linter.style.haveILetI false`
⚠ [9202/9276] Replayed PaperN.PartII.AmbientCircleRangeProof
warning: PaperN/PartII/AmbientCircleRangeProof.lean:75:80: `if_pos` has been deprecated: Use `ite_eq_left` instead

Hint: Replace the deprecated name:
  i̵f̵_̵p̵o̵s̵i̲t̲e̲_̲e̲q̲_̲l̲e̲f̲t̲
⚠ [9203/9276] Replayed PaperN.PartII.AmbientRieszRange
warning: PaperN/PartII/AmbientRieszRange.lean:79:6: `if_pos` has been deprecated: Use `ite_eq_left` instead

Hint: Replace the deprecated name:
  i̵f̵_̵p̵o̵s̵i̲t̲e̲_̲e̲q̲_̲l̲e̲f̲t̲
⚠ [9205/9276] Replayed PaperN.PartII.ContinuousCutoffProjection
warning: PaperN/PartII/ContinuousCutoffProjection.lean:25:4: Try this: 
  letI̵

The goal is a proposition, so `let` is preferred over `letI`.
The difference between `let` and `letI` is that `letI` inlines the value.
But this is not relevant for proofs because of proof irrelevance.

Note: This linter can be disabled with `set_option linter.style.haveILetI false`
⚠ [9212/9276] Replayed PaperN.PartII.RectangleCauchyBridge
warning: PaperN/PartII/RectangleCauchyBridge.lean:17:82: Used `tac1 <;> tac2` where `(tac1; tac2)` would suffice

Note: This linter can be disabled with `set_option linter.unnecessarySeqFocus false`
warning: PaperN/PartII/RectangleCauchyBridge.lean:34:82: Used `tac1 <;> tac2` where `(tac1; tac2)` would suffice

Note: This linter can be disabled with `set_option linter.unnecessarySeqFocus false`
warning: PaperN/PartII/RectangleCauchyBridge.lean:62:23: Used `tac1 <;> tac2` where `(tac1; tac2)` would suffice

Note: This linter can be disabled with `set_option linter.unnecessarySeqFocus false`
warning: PaperN/PartII/RectangleCauchyBridge.lean:62:33: Used `tac1 <;> tac2` where `(tac1; tac2)` would suffice

Note: This linter can be disabled with `set_option linter.unnecessarySeqFocus false`
⚠ [9213/9276] Replayed PaperN.PartII.RectangleScalarOutside
warning: PaperN/PartII/RectangleScalarOutside.lean:27:23: Used `tac1 <;> tac2` where `(tac1; tac2)` would suffice

Note: This linter can be disabled with `set_option linter.unnecessarySeqFocus false`
⚠ [9214/9276] Replayed PaperN.PartII.RectangleScalarInside
warning: PaperN/PartII/RectangleScalarInside.lean:50:2: Used `tac1 <;> tac2` where `(tac1; tac2)` would suffice

Note: This linter can be disabled with `set_option linter.unnecessarySeqFocus false`
⚠ [9215/9276] Replayed PaperN.PartII.RectangleSpectralProjection
warning: PaperN/PartII/RectangleSpectralProjection.lean:30:8: `if_pos` has been deprecated: Use `ite_eq_left` instead

Hint: Replace the deprecated name:
  i̵f̵_̵p̵o̵s̵i̲t̲e̲_̲e̲q̲_̲l̲e̲f̲t̲
warning: PaperN/PartII/RectangleSpectralProjection.lean:32:8: `if_neg` has been deprecated: Use `ite_eq_right` instead

Hint: Replace the deprecated name:
  i̵f̵_̵n̵e̵g̵i̲t̲e̲_̲e̲q̲_̲r̲i̲g̲h̲t̲
warning: PaperN/PartII/RectangleSpectralProjection.lean:49:6: `if_pos` has been deprecated: Use `ite_eq_left` instead

Hint: Replace the deprecated name:
  i̵f̵_̵p̵o̵s̵i̲t̲e̲_̲e̲q̲_̲l̲e̲f̲t̲
warning: PaperN/PartII/RectangleSpectralProjection.lean:52:6: `if_neg` has been deprecated: Use `ite_eq_right` instead

Hint: Replace the deprecated name:
  i̵f̵_̵n̵e̵g̵i̲t̲e̲_̲e̲q̲_̲r̲i̲g̲h̲t̲
warning: PaperN/PartII/RectangleSpectralProjection.lean:80:8: `if_pos` has been deprecated: Use `ite_eq_left` instead

Hint: Replace the deprecated name:
  i̵f̵_̵p̵o̵s̵i̲t̲e̲_̲e̲q̲_̲l̲e̲f̲t̲
warning: PaperN/PartII/RectangleSpectralProjection.lean:85:8: `if_neg` has been deprecated: Use `ite_eq_right` instead

Hint: Replace the deprecated name:
  i̵f̵_̵n̵e̵g̵i̲t̲e̲_̲e̲q̲_̲r̲i̲g̲h̲t̲
warning: PaperN/PartII/RectangleSpectralProjection.lean:99:6: `if_pos` has been deprecated: Use `ite_eq_left` instead

Hint: Replace the deprecated name:
  i̵f̵_̵p̵o̵s̵i̲t̲e̲_̲e̲q̲_̲l̲e̲f̲t̲
warning: PaperN/PartII/RectangleSpectralProjection.lean:102:6: `if_neg` has been deprecated: Use `ite_eq_right` instead

Hint: Replace the deprecated name:
  i̵f̵_̵n̵e̵g̵i̲t̲e̲_̲e̲q̲_̲r̲i̲g̲h̲t̲
⚠ [9216/9276] Replayed PaperN.PartII.SecondOrderResolvent
warning: PaperN/PartII/SecondOrderResolvent.lean:35:6: Used `tac1 <;> tac2` where `(tac1; tac2)` would suffice

Note: This linter can be disabled with `set_option linter.unnecessarySeqFocus false`
⚠ [9217/9276] Replayed PaperN.PartII.SegmentSquareFactorization
warning: PaperN/PartII/SegmentSquareFactorization.lean:74:24: This simp argument is unused:
  map_add

Hint: Omit it from the simp argument list.
  [apply] simp [twiceWeightedQuadrilateral, scalarQuadrilateral, add_smul, sub_smul, mul_smul, smul_add, smul_sub,
    map_sub, map_smul]

Note: This linter can be disabled with `set_option linter.unusedSimpArgs false`
warning: PaperN/PartII/SegmentSquareFactorization.lean:74:33: This simp argument is unused:
  map_sub

Hint: Omit it from the simp argument list.
  [apply] simp [twiceWeightedQuadrilateral, scalarQuadrilateral, add_smul, sub_smul, mul_smul, smul_add, smul_sub,
    map_add, map_smul]

Note: This linter can be disabled with `set_option linter.unusedSimpArgs false`
warning: PaperN/PartII/SegmentSquareFactorization.lean:74:42: This simp argument is unused:
  map_smul

Hint: Omit it from the simp argument list.
  [apply] simp [twiceWeightedQuadrilateral, scalarQuadrilateral, add_smul, sub_smul, mul_smul, smul_add, smul_sub,
    map_add, map_sub]

Note: This linter can be disabled with `set_option linter.unusedSimpArgs false`
warning: PaperN/PartII/SegmentSquareFactorization.lean:75:2: Used `tac1 <;> tac2` where `(tac1; tac2)` would suffice

Note: This linter can be disabled with `set_option linter.unnecessarySeqFocus false`
warning: PaperN/PartII/SegmentSquareFactorization.lean:86:0: automatically included section variable(s) unused in theorem `PaperN.PartII.rectangle_zero_edge_condition`:
  [CompleteSpace E]
consider restructuring your `variable` declarations so that the variables are not in scope or explicitly omit them:
  omit [CompleteSpace E] in theorem ...

Note: This linter can be disabled with `set_option linter.unusedSectionVars false`
⚠ [9226/9276] Replayed PaperN.PartII.ProjectionRankStability
warning: PaperN/PartII/ProjectionRankStability.lean:46:2: Try this: 
  letI̵

The goal is a proposition, so `let` is preferred over `letI`.
The difference between `let` and `letI` is that `letI` inlines the value.
But this is not relevant for proofs because of proof irrelevance.

Note: This linter can be disabled with `set_option linter.style.haveILetI false`
⚠ [9227/9276] Replayed PaperN.PartII.CompactIntegralImages
warning: PaperN/PartII/CompactIntegralImages.lean:32:2: Try this: 
  haveI̵

The goal is a proposition, so `have` is preferred over `haveI`.
The difference between `have` and `haveI` is that `haveI` inlines the value.
But this is not relevant for proofs because of proof irrelevance.

Note: This linter can be disabled with `set_option linter.style.haveILetI false`
⚠ [9228/9276] Replayed PaperN.PartII.CollectivelyCompactIntegral
warning: PaperN/PartII/CollectivelyCompactIntegral.lean:17:2: Try this: 
  letI̵

The goal is a proposition, so `let` is preferred over `letI`.
The difference between `let` and `letI` is that `letI` inlines the value.
But this is not relevant for proofs because of proof irrelevance.

Note: This linter can be disabled with `set_option linter.style.haveILetI false`
⚠ [9229/9276] Replayed PaperN.PartII.ParameterStrongCompactConvergence
warning: PaperN/PartII/ParameterStrongCompactConvergence.lean:62:2: Try this: 
  letI̵

The goal is a proposition, so `let` is preferred over `letI`.
The difference between `let` and `letI` is that `letI` inlines the value.
But this is not relevant for proofs because of proof irrelevance.

Note: This linter can be disabled with `set_option linter.style.haveILetI false`
⚠ [9230/9276] Replayed PaperN.PartII.ResolventCompactImages
warning: PaperN/PartII/ResolventCompactImages.lean:21:2: Try this: 
  letI̵

The goal is a proposition, so `let` is preferred over `letI`.
The difference between `let` and `letI` is that `letI` inlines the value.
But this is not relevant for proofs because of proof irrelevance.

Note: This linter can be disabled with `set_option linter.style.haveILetI false`
⚠ [9235/9276] Replayed PaperN.PartII.SelectedProjectionRankProof
warning: PaperN/PartII/SelectedProjectionRankProof.lean:29:2: Try this: 
  letI̵

The goal is a proposition, so `let` is preferred over `letI`.
The difference between `let` and `letI` is that `letI` inlines the value.
But this is not relevant for proofs because of proof irrelevance.

Note: This linter can be disabled with `set_option linter.style.haveILetI false`
⚠ [9236/9276] Replayed PaperN.PartII.ProjectionCutoffDimension
warning: PaperN/PartII/ProjectionCutoffDimension.lean:67:2: Try this: 
  letI̵

The goal is a proposition, so `let` is preferred over `letI`.
The difference between `let` and `letI` is that `letI` inlines the value.
But this is not relevant for proofs because of proof irrelevance.

Note: This linter can be disabled with `set_option linter.style.haveILetI false`
warning: PaperN/PartII/ProjectionCutoffDimension.lean:69:2: Try this: 
  letI̵

The goal is a proposition, so `let` is preferred over `letI`.
The difference between `let` and `letI` is that `letI` inlines the value.
But this is not relevant for proofs because of proof irrelevance.

Note: This linter can be disabled with `set_option linter.style.haveILetI false`
⚠ [9246/9276] Replayed PaperN.PartII.SelectedSpectralBasis
warning: PaperN/PartII/SelectedSpectralBasis.lean:45:2: Try this: 
  letI̵

The goal is a proposition, so `let` is preferred over `letI`.
The difference between `let` and `letI` is that `letI` inlines the value.
But this is not relevant for proofs because of proof irrelevance.

Note: This linter can be disabled with `set_option linter.style.haveILetI false`
warning: PaperN/PartII/SelectedSpectralBasis.lean:56:4: Try this: 
  letI̵

The goal is a proposition, so `let` is preferred over `letI`.
The difference between `let` and `letI` is that `letI` inlines the value.
But this is not relevant for proofs because of proof irrelevance.

Note: This linter can be disabled with `set_option linter.style.haveILetI false`
warning: PaperN/PartII/SelectedSpectralBasis.lean:67:4: Try this: 
  letI̵

The goal is a proposition, so `let` is preferred over `letI`.
The difference between `let` and `letI` is that `letI` inlines the value.
But this is not relevant for proofs because of proof irrelevance.

Note: This linter can be disabled with `set_option linter.style.haveILetI false`
warning: PaperN/PartII/SelectedSpectralBasis.lean:68:4: Try this: 
  letI̵

The goal is a proposition, so `let` is preferred over `letI`.
The difference between `let` and `letI` is that `letI` inlines the value.
But this is not relevant for proofs because of proof irrelevance.

Note: This linter can be disabled with `set_option linter.style.haveILetI false`
⚠ [9252/9276] Replayed PaperN.PartII.UniformCoefficientConvergence
warning: PaperN/PartII/UniformCoefficientConvergence.lean:86:2: Try this: 
  letI̵

The goal is a proposition, so `let` is preferred over `letI`.
The difference between `let` and `letI` is that `letI` inlines the value.
But this is not relevant for proofs because of proof irrelevance.

Note: This linter can be disabled with `set_option linter.style.haveILetI false`
⚠ [9253/9276] Replayed PaperN.PartII.ModelSupConvergence
warning: PaperN/PartII/ModelSupConvergence.lean:55:2: Try this: 
  letI̵

The goal is a proposition, so `let` is preferred over `letI`.
The difference between `let` and `letI` is that `letI` inlines the value.
But this is not relevant for proofs because of proof irrelevance.

Note: This linter can be disabled with `set_option linter.style.haveILetI false`
⚠ [9259/9276] Replayed PaperN.PartII.LpDistance
warning: PaperN/PartII/LpDistance.lean:96:2: Try this: 
  letI̵

The goal is a proposition, so `let` is preferred over `letI`.
The difference between `let` and `letI` is that `letI` inlines the value.
But this is not relevant for proofs because of proof irrelevance.

Note: This linter can be disabled with `set_option linter.style.haveILetI false`
⚠ [9260/9276] Replayed PaperN.PartII.ComplexifiedSpectrum
warning: PaperN/PartII/ComplexifiedSpectrum.lean:75:35: `Set.mem_setOf_eq` has been deprecated: Use `Set.mem_ofPred_eq` instead

Hint: Replace the deprecated name:
  S̵e̵t̵.̵m̵e̵m̵_̵s̵e̵t̵O̵f̵_̵e̵q̵m̲e̲m̲_̲o̲f̲P̲r̲e̲d̲_̲e̲q̲
⚠ [9263/9361] Replayed PaperN.PartII.SubspaceClassMembership
warning: PaperN/PartII/SubspaceClassMembership.lean:81:2: Try this: 
  letI̵

The goal is a proposition, so `let` is preferred over `letI`.
The difference between `let` and `letI` is that `letI` inlines the value.
But this is not relevant for proofs because of proof irrelevance.

Note: This linter can be disabled with `set_option linter.style.haveILetI false`
warning: PaperN/PartII/SubspaceClassMembership.lean:82:2: Try this: 
  letI̵

The goal is a proposition, so `let` is preferred over `letI`.
The difference between `let` and `letI` is that `letI` inlines the value.
But this is not relevant for proofs because of proof irrelevance.

Note: This linter can be disabled with `set_option linter.style.haveILetI false`
⚠ [9265/9361] Replayed PaperN.PartII.SelectedClassConvergence
warning: PaperN/PartII/SelectedClassConvergence.lean:57:2: Try this: 
  letI̵

The goal is a proposition, so `let` is preferred over `letI`.
The difference between `let` and `letI` is that `letI` inlines the value.
But this is not relevant for proofs because of proof irrelevance.

Note: This linter can be disabled with `set_option linter.style.haveILetI false`
warning: PaperN/PartII/SelectedClassConvergence.lean:59:2: Try this: 
  letI̵

The goal is a proposition, so `let` is preferred over `letI`.
The difference between `let` and `letI` is that `letI` inlines the value.
But this is not relevant for proofs because of proof irrelevance.

Note: This linter can be disabled with `set_option linter.style.haveILetI false`
warning: PaperN/PartII/SelectedClassConvergence.lean:61:2: Try this: 
  letI̵

The goal is a proposition, so `let` is preferred over `letI`.
The difference between `let` and `letI` is that `letI` inlines the value.
But this is not relevant for proofs because of proof irrelevance.

Note: This linter can be disabled with `set_option linter.style.haveILetI false`
warning: PaperN/PartII/SelectedClassConvergence.lean:62:2: Try this: 
  letI̵

The goal is a proposition, so `let` is preferred over `letI`.
The difference between `let` and `letI` is that `letI` inlines the value.
But this is not relevant for proofs because of proof irrelevance.

Note: This linter can be disabled with `set_option linter.style.haveILetI false`
warning: PaperN/PartII/SelectedClassConvergence.lean:65:4: Try this: 
  letI̵

The goal is a proposition, so `let` is preferred over `letI`.
The difference between `let` and `letI` is that `letI` inlines the value.
But this is not relevant for proofs because of proof irrelevance.

Note: This linter can be disabled with `set_option linter.style.haveILetI false`
warning: PaperN/PartII/SelectedClassConvergence.lean:64:2: Try this: 
  letI̵

The goal is a proposition, so `let` is preferred over `letI`.
The difference between `let` and `letI` is that `letI` inlines the value.
But this is not relevant for proofs because of proof irrelevance.

Note: This linter can be disabled with `set_option linter.style.haveILetI false`
⚠ [9266/9361] Replayed PaperN.PartII.SpectralCutoffEquiv
warning: PaperN/PartII/SpectralCutoffEquiv.lean:74:2: Try this: 
  letI̵

The goal is a proposition, so `let` is preferred over `letI`.
The difference between `let` and `letI` is that `letI` inlines the value.
But this is not relevant for proofs because of proof irrelevance.

Note: This linter can be disabled with `set_option linter.style.haveILetI false`
warning: PaperN/PartII/SpectralCutoffEquiv.lean:76:2: Try this: 
  letI̵

The goal is a proposition, so `let` is preferred over `letI`.
The difference between `let` and `letI` is that `letI` inlines the value.
But this is not relevant for proofs because of proof irrelevance.

Note: This linter can be disabled with `set_option linter.style.haveILetI false`
warning: PaperN/PartII/SpectralCutoffEquiv.lean:78:2: Try this: 
  letI̵

The goal is a proposition, so `let` is preferred over `letI`.
The difference between `let` and `letI` is that `letI` inlines the value.
But this is not relevant for proofs because of proof irrelevance.

Note: This linter can be disabled with `set_option linter.style.haveILetI false`
warning: PaperN/PartII/SpectralCutoffEquiv.lean:79:2: Try this: 
  letI̵

The goal is a proposition, so `let` is preferred over `letI`.
The difference between `let` and `letI` is that `letI` inlines the value.
But this is not relevant for proofs because of proof irrelevance.

Note: This linter can be disabled with `set_option linter.style.haveILetI false`
warning: PaperN/PartII/SpectralCutoffEquiv.lean:80:2: Try this: 
  letI̵

The goal is a proposition, so `let` is preferred over `letI`.
The difference between `let` and `letI` is that `letI` inlines the value.
But this is not relevant for proofs because of proof irrelevance.

Note: This linter can be disabled with `set_option linter.style.haveILetI false`
warning: PaperN/PartII/SpectralCutoffEquiv.lean:82:2: Try this: 
  letI̵

The goal is a proposition, so `let` is preferred over `letI`.
The difference between `let` and `letI` is that `letI` inlines the value.
But this is not relevant for proofs because of proof irrelevance.

Note: This linter can be disabled with `set_option linter.style.haveILetI false`
⚠ [9270/9361] Replayed PaperN.PartII.LocalApproximationNeighborhood
warning: PaperN/PartII/LocalApproximationNeighborhood.lean:48:2: Try this: 
  letI̵

The goal is a proposition, so `let` is preferred over `letI`.
The difference between `let` and `letI` is that `letI` inlines the value.
But this is not relevant for proofs because of proof irrelevance.

Note: This linter can be disabled with `set_option linter.style.haveILetI false`
warning: PaperN/PartII/LocalApproximationNeighborhood.lean:49:2: Try this: 
  letI̵

The goal is a proposition, so `let` is preferred over `letI`.
The difference between `let` and `letI` is that `letI` inlines the value.
But this is not relevant for proofs because of proof irrelevance.

Note: This linter can be disabled with `set_option linter.style.haveILetI false`
⚠ [9271/9361] Replayed PaperN.PartII.SpectralGHError
warning: PaperN/PartII/SpectralGHError.lean:33:2: Try this: 
  letI̵

The goal is a proposition, so `let` is preferred over `letI`.
The difference between `let` and `letI` is that `letI` inlines the value.
But this is not relevant for proofs because of proof irrelevance.

Note: This linter can be disabled with `set_option linter.style.haveILetI false`
warning: PaperN/PartII/SpectralGHError.lean:34:2: Try this: 
  letI̵

The goal is a proposition, so `let` is preferred over `letI`.
The difference between `let` and `letI` is that `letI` inlines the value.
But this is not relevant for proofs because of proof irrelevance.

Note: This linter can be disabled with `set_option linter.style.haveILetI false`
warning: PaperN/PartII/SpectralGHError.lean:70:2: Try this: 
  letI̵

The goal is a proposition, so `let` is preferred over `letI`.
The difference between `let` and `letI` is that `letI` inlines the value.
But this is not relevant for proofs because of proof irrelevance.

Note: This linter can be disabled with `set_option linter.style.haveILetI false`
warning: PaperN/PartII/SpectralGHError.lean:71:2: Try this: 
  letI̵

The goal is a proposition, so `let` is preferred over `letI`.
The difference between `let` and `letI` is that `letI` inlines the value.
But this is not relevant for proofs because of proof irrelevance.

Note: This linter can be disabled with `set_option linter.style.haveILetI false`
⚠ [9272/9361] Replayed PaperN.PartII.SubspaceModelBounds
warning: PaperN/PartII/SubspaceModelBounds.lean:47:2: Try this: 
  letI̵

The goal is a proposition, so `let` is preferred over `letI`.
The difference between `let` and `letI` is that `letI` inlines the value.
But this is not relevant for proofs because of proof irrelevance.

Note: This linter can be disabled with `set_option linter.style.haveILetI false`
warning: PaperN/PartII/SubspaceModelBounds.lean:49:2: Try this: 
  letI̵

The goal is a proposition, so `let` is preferred over `letI`.
The difference between `let` and `letI` is that `letI` inlines the value.
But this is not relevant for proofs because of proof irrelevance.

Note: This linter can be disabled with `set_option linter.style.haveILetI false`
warning: PaperN/PartII/SubspaceModelBounds.lean:50:2: Try this: 
  letI̵

The goal is a proposition, so `let` is preferred over `letI`.
The difference between `let` and `letI` is that `letI` inlines the value.
But this is not relevant for proofs because of proof irrelevance.

Note: This linter can be disabled with `set_option linter.style.haveILetI false`
⚠ [9276/9361] Replayed PaperN.PartII.SpectralDensity
warning: PaperN/PartII/SpectralDensity.lean:22:4: Try this: 
  letI̵

The goal is a proposition, so `let` is preferred over `letI`.
The difference between `let` and `letI` is that `letI` inlines the value.
But this is not relevant for proofs because of proof irrelevance.

Note: This linter can be disabled with `set_option linter.style.haveILetI false`
⚠ [9278/9361] Replayed PaperN.PartII.SelectedDistanceOperator
warning: PaperN/PartII/SelectedDistanceOperator.lean:25:2: Try this: 
  letI̵

The goal is a proposition, so `let` is preferred over `letI`.
The difference between `let` and `letI` is that `letI` inlines the value.
But this is not relevant for proofs because of proof irrelevance.

Note: This linter can be disabled with `set_option linter.style.haveILetI false`
⚠ [9279/9361] Replayed PaperN.PartII.SelectedSpectralDensity
warning: PaperN/PartII/SelectedSpectralDensity.lean:23:2: Try this: 
  letI̵

The goal is a proposition, so `let` is preferred over `letI`.
The difference between `let` and `letI` is that `letI` inlines the value.
But this is not relevant for proofs because of proof irrelevance.

Note: This linter can be disabled with `set_option linter.style.haveILetI false`
⚠ [9283/9361] Replayed PaperN.PartII.CenterClassApproximation
warning: PaperN/PartII/CenterClassApproximation.lean:26:2: Try this: 
  letI̵

The goal is a proposition, so `let` is preferred over `letI`.
The difference between `let` and `letI` is that `letI` inlines the value.
But this is not relevant for proofs because of proof irrelevance.

Note: This linter can be disabled with `set_option linter.style.haveILetI false`
warning: PaperN/PartII/CenterClassApproximation.lean:30:2: Try this: 
  letI̵

The goal is a proposition, so `let` is preferred over `letI`.
The difference between `let` and `letI` is that `letI` inlines the value.
But this is not relevant for proofs because of proof irrelevance.

Note: This linter can be disabled with `set_option linter.style.haveILetI false`
⚠ [9287/9361] Replayed PaperN.PartII.SpectralLocalModel
warning: PaperN/PartII/SpectralLocalModel.lean:32:8: `dif_pos` has been deprecated: Use `dite_eq_left` instead

Hint: Replace the deprecated name:
  d̵i̵f̵_̵p̵o̵s̵d̲i̲t̲e̲_̲e̲q̲_̲l̲e̲f̲t̲
warning: PaperN/PartII/SpectralLocalModel.lean:51:8: `dif_pos` has been deprecated: Use `dite_eq_left` instead

Hint: Replace the deprecated name:
  d̵i̵f̵_̵p̵o̵s̵d̲i̲t̲e̲_̲e̲q̲_̲l̲e̲f̲t̲
warning: PaperN/PartII/SpectralLocalModel.lean:53:8: `continuousOn_iff_continuous_restrict` has been deprecated: Use `continuousOn_iff_continuous_domRestrict` instead

Hint: Replace the deprecated name:
  continuousOn_iff_continuous_r̵d̲o̲m̲R̲estrict
warning: PaperN/PartII/SpectralLocalModel.lean:56:39: `dif_pos` has been deprecated: Use `dite_eq_left` instead

Hint: Replace the deprecated name:
  d̵i̵f̵_̵p̵o̵s̵d̲i̲t̲e̲_̲e̲q̲_̲l̲e̲f̲t̲
warning: PaperN/PartII/SpectralLocalModel.lean:61:4: Try this: 
  letI̵

The goal is a proposition, so `let` is preferred over `letI`.
The difference between `let` and `letI` is that `letI` inlines the value.
But this is not relevant for proofs because of proof irrelevance.

Note: This linter can be disabled with `set_option linter.style.haveILetI false`
warning: PaperN/PartII/SpectralLocalModel.lean:62:4: Try this: 
  letI̵

The goal is a proposition, so `let` is preferred over `letI`.
The difference between `let` and `letI` is that `letI` inlines the value.
But this is not relevant for proofs because of proof irrelevance.

Note: This linter can be disabled with `set_option linter.style.haveILetI false`
warning: PaperN/PartII/SpectralLocalModel.lean:65:4: Try this: 
  letI̵

The goal is a proposition, so `let` is preferred over `letI`.
The difference between `let` and `letI` is that `letI` inlines the value.
But this is not relevant for proofs because of proof irrelevance.

Note: This linter can be disabled with `set_option linter.style.haveILetI false`
warning: PaperN/PartII/SpectralLocalModel.lean:68:4: Try this: 
  letI̵

The goal is a proposition, so `let` is preferred over `letI`.
The difference between `let` and `letI` is that `letI` inlines the value.
But this is not relevant for proofs because of proof irrelevance.

Note: This linter can be disabled with `set_option linter.style.haveILetI false`
warning: PaperN/PartII/SpectralLocalModel.lean:69:4: Try this: 
  letI̵

The goal is a proposition, so `let` is preferred over `letI`.
The difference between `let` and `letI` is that `letI` inlines the value.
But this is not relevant for proofs because of proof irrelevance.

Note: This linter can be disabled with `set_option linter.style.haveILetI false`
warning: PaperN/PartII/SpectralLocalModel.lean:73:4: Try this: 
  letI̵

The goal is a proposition, so `let` is preferred over `letI`.
The difference between `let` and `letI` is that `letI` inlines the value.
But this is not relevant for proofs because of proof irrelevance.

Note: This linter can be disabled with `set_option linter.style.haveILetI false`
warning: PaperN/PartII/SpectralLocalModel.lean:98:4: Try this: 
  letI̵

The goal is a proposition, so `let` is preferred over `letI`.
The difference between `let` and `letI` is that `letI` inlines the value.
But this is not relevant for proofs because of proof irrelevance.

Note: This linter can be disabled with `set_option linter.style.haveILetI false`
warning: PaperN/PartII/SpectralLocalModel.lean:100:4: Try this: 
  letI̵

The goal is a proposition, so `let` is preferred over `letI`.
The difference between `let` and `letI` is that `letI` inlines the value.
But this is not relevant for proofs because of proof irrelevance.

Note: This linter can be disabled with `set_option linter.style.haveILetI false`
warning: PaperN/PartII/SpectralLocalModel.lean:105:4: Try this: 
  letI̵

The goal is a proposition, so `let` is preferred over `letI`.
The difference between `let` and `letI` is that `letI` inlines the value.
But this is not relevant for proofs because of proof irrelevance.

Note: This linter can be disabled with `set_option linter.style.haveILetI false`
warning: PaperN/PartII/SpectralLocalModel.lean:106:4: Try this: 
  letI̵

The goal is a proposition, so `let` is preferred over `letI`.
The difference between `let` and `letI` is that `letI` inlines the value.
But this is not relevant for proofs because of proof irrelevance.

Note: This linter can be disabled with `set_option linter.style.haveILetI false`
⚠ [9292/9361] Replayed PaperN.PartII.CorrespondenceTransport
warning: PaperN/PartII/CorrespondenceTransport.lean:21:52: `simp` already closes the goal

Hint: Use `simp` instead of `simpa`:
  [apply] simp [comapEquiv]

Note: This linter can be disabled with `set_option linter.unnecessarySimpa false`
⚠ [9293/9361] Replayed PaperN.PartII.UniversalLocalConvergence
warning: PaperN/PartII/UniversalLocalConvergence.lean:25:2: Try this: 
  letI̵

The goal is a proposition, so `let` is preferred over `letI`.
The difference between `let` and `letI` is that `letI` inlines the value.
But this is not relevant for proofs because of proof irrelevance.

Note: This linter can be disabled with `set_option linter.style.haveILetI false`
⚠ [9295/9361] Replayed PaperN.PartII.CompactEigenvalueProof
warning: PaperN/PartII/CompactEigenvalueProof.lean:16:4: Try this: 
  letI̵

The goal is a proposition, so `let` is preferred over `letI`.
The difference between `let` and `letI` is that `letI` inlines the value.
But this is not relevant for proofs because of proof irrelevance.

Note: This linter can be disabled with `set_option linter.style.haveILetI false`
warning: PaperN/PartII/CompactEigenvalueProof.lean:47:2: Try this: 
  letI̵

The goal is a proposition, so `let` is preferred over `letI`.
The difference between `let` and `letI` is that `letI` inlines the value.
But this is not relevant for proofs because of proof irrelevance.

Note: This linter can be disabled with `set_option linter.style.haveILetI false`
warning: PaperN/PartII/CompactEigenvalueProof.lean:66:2: Try this: 
  letI̵

The goal is a proposition, so `let` is preferred over `letI`.
The difference between `let` and `letI` is that `letI` inlines the value.
But this is not relevant for proofs because of proof irrelevance.

Note: This linter can be disabled with `set_option linter.style.haveILetI false`
⚠ [9296/9361] Replayed PaperN.PartII.AbsoluteRetract
warning: PaperN/PartII/AbsoluteRetract.lean:30:2: Try this: 
  letI̵

The goal is a proposition, so `let` is preferred over `letI`.
The difference between `let` and `letI` is that `letI` inlines the value.
But this is not relevant for proofs because of proof irrelevance.

Note: This linter can be disabled with `set_option linter.style.haveILetI false`
⚠ [9298/9361] Replayed PaperN.PartII.SmallAmbientRetract
warning: PaperN/PartII/SmallAmbientRetract.lean:16:2: Try this: 
  letI̵

The goal is a proposition, so `let` is preferred over `letI`.
The difference between `let` and `letI` is that `letI` inlines the value.
But this is not relevant for proofs because of proof irrelevance.

Note: This linter can be disabled with `set_option linter.style.haveILetI false`
warning: PaperN/PartII/SmallAmbientRetract.lean:28:2: Try this: 
  letI̵

The goal is a proposition, so `let` is preferred over `letI`.
The difference between `let` and `letI` is that `letI` inlines the value.
But this is not relevant for proofs because of proof irrelevance.

Note: This linter can be disabled with `set_option linter.style.haveILetI false`
warning: PaperN/PartII/SmallAmbientRetract.lean:51:2: Try this: 
  letI̵

The goal is a proposition, so `let` is preferred over `letI`.
The difference between `let` and `letI` is that `letI` inlines the value.
But this is not relevant for proofs because of proof irrelevance.

Note: This linter can be disabled with `set_option linter.style.haveILetI false`
warning: PaperN/PartII/SmallAmbientRetract.lean:52:2: Try this: 
  letI̵

The goal is a proposition, so `let` is preferred over `letI`.
The difference between `let` and `letI` is that `letI` inlines the value.
But this is not relevant for proofs because of proof irrelevance.

Note: This linter can be disabled with `set_option linter.style.haveILetI false`
⚠ [9302/9361] Replayed PaperN.PartII.SeparableANRExtension
warning: PaperN/PartII/SeparableANRExtension.lean:15:2: Try this: 
  letI̵

The goal is a proposition, so `let` is preferred over `letI`.
The difference between `let` and `letI` is that `letI` inlines the value.
But this is not relevant for proofs because of proof irrelevance.

Note: This linter can be disabled with `set_option linter.style.haveILetI false`
warning: PaperN/PartII/SeparableANRExtension.lean:20:4: Try this: 
  letI̵

The goal is a proposition, so `let` is preferred over `letI`.
The difference between `let` and `letI` is that `letI` inlines the value.
But this is not relevant for proofs because of proof irrelevance.

Note: This linter can be disabled with `set_option linter.style.haveILetI false`
warning: PaperN/PartII/SeparableANRExtension.lean:21:4: Try this: 
  letI̵

The goal is a proposition, so `let` is preferred over `letI`.
The difference between `let` and `letI` is that `letI` inlines the value.
But this is not relevant for proofs because of proof irrelevance.

Note: This linter can be disabled with `set_option linter.style.haveILetI false`
warning: PaperN/PartII/SeparableANRExtension.lean:22:4: Try this: 
  letI̵

The goal is a proposition, so `let` is preferred over `letI`.
The difference between `let` and `letI` is that `letI` inlines the value.
But this is not relevant for proofs because of proof irrelevance.

Note: This linter can be disabled with `set_option linter.style.haveILetI false`
⚠ [9306/9361] Replayed PaperN.PartII.DualEquivariance
warning: PaperN/PartII/DualEquivariance.lean:19:18: `Set.mem_setOf_eq` has been deprecated: Use `Set.mem_ofPred_eq` instead

Hint: Replace the deprecated name:
  S̵e̵t̵.̵m̵e̵m̵_̵s̵e̵t̵O̵f̵_̵e̵q̵m̲e̲m̲_̲o̲f̲P̲r̲e̲d̲_̲e̲q̲
warning: PaperN/PartII/DualEquivariance.lean:23:31: `Set.mem_setOf_eq` has been deprecated: Use `Set.mem_ofPred_eq` instead

Hint: Replace the deprecated name:
  S̵e̵t̵.̵m̵e̵m̵_̵s̵e̵t̵O̵f̵_̵e̵q̵m̲e̲m̲_̲o̲f̲P̲r̲e̲d̲_̲e̲q̲
⚠ [9307/9361] Replayed PaperN.PartII.DualActionContinuity
warning: PaperN/PartII/DualActionContinuity.lean:39:2: Try this: 
  letI̵

The goal is a proposition, so `let` is preferred over `letI`.
The difference between `let` and `letI` is that `letI` inlines the value.
But this is not relevant for proofs because of proof irrelevance.

Note: This linter can be disabled with `set_option linter.style.haveILetI false`
⚠ [9311/9361] Replayed PaperN.PartII.BlockActionContinuity
warning: PaperN/PartII/BlockActionContinuity.lean:72:2: Try this: 
  letI̵

The goal is a proposition, so `let` is preferred over `letI`.
The difference between `let` and `letI` is that `letI` inlines the value.
But this is not relevant for proofs because of proof irrelevance.

Note: This linter can be disabled with `set_option linter.style.haveILetI false`
⚠ [9312/9361] Replayed PaperN.PartII.OrthogonalCompactness
warning: PaperN/PartII/OrthogonalCompactness.lean:11:15: `Set.setOf_forall` has been deprecated: Use `Set.ofPred_forall` instead

Hint: Replace the deprecated name:
  S̵e̵t̵.̵s̵e̵t̵O̵f̵_̵f̵o̵r̵a̵l̵l̵o̲f̲P̲r̲e̲d̲_̲f̲o̲r̲a̲l̲l̲
warning: PaperN/PartII/OrthogonalCompactness.lean:40:2: Try this: 
  letI̵

The goal is a proposition, so `let` is preferred over `letI`.
The difference between `let` and `letI` is that `letI` inlines the value.
But this is not relevant for proofs because of proof irrelevance.

Note: This linter can be disabled with `set_option linter.style.haveILetI false`
warning: PaperN/PartII/OrthogonalCompactness.lean:53:2: Try this: 
  letI̵

The goal is a proposition, so `let` is preferred over `letI`.
The difference between `let` and `letI` is that `letI` inlines the value.
But this is not relevant for proofs because of proof irrelevance.

Note: This linter can be disabled with `set_option linter.style.haveILetI false`
warning: PaperN/PartII/OrthogonalCompactness.lean:55:2: Try this: 
  letI̵

The goal is a proposition, so `let` is preferred over `letI`.
The difference between `let` and `letI` is that `letI` inlines the value.
But this is not relevant for proofs because of proof irrelevance.

Note: This linter can be disabled with `set_option linter.style.haveILetI false`
⚠ [9313/9361] Replayed PaperN.PartII.OrthogonalTopologicalGroup
warning: PaperN/PartII/OrthogonalTopologicalGroup.lean:11:2: Try this: 
  letI̵

The goal is a proposition, so `let` is preferred over `letI`.
The difference between `let` and `letI` is that `letI` inlines the value.
But this is not relevant for proofs because of proof irrelevance.

Note: This linter can be disabled with `set_option linter.style.haveILetI false`
warning: PaperN/PartII/OrthogonalTopologicalGroup.lean:21:2: Try this: 
  letI̵

The goal is a proposition, so `let` is preferred over `letI`.
The difference between `let` and `letI` is that `letI` inlines the value.
But this is not relevant for proofs because of proof irrelevance.

Note: This linter can be disabled with `set_option linter.style.haveILetI false`
warning: PaperN/PartII/OrthogonalTopologicalGroup.lean:31:2: Try this: 
  letI̵

The goal is a proposition, so `let` is preferred over `letI`.
The difference between `let` and `letI` is that `letI` inlines the value.
But this is not relevant for proofs because of proof irrelevance.

Note: This linter can be disabled with `set_option linter.style.haveILetI false`
warning: PaperN/PartII/OrthogonalTopologicalGroup.lean:39:2: Try this: 
  letI̵

The goal is a proposition, so `let` is preferred over `letI`.
The difference between `let` and `letI` is that `letI` inlines the value.
But this is not relevant for proofs because of proof irrelevance.

Note: This linter can be disabled with `set_option linter.style.haveILetI false`
warning: PaperN/PartII/OrthogonalTopologicalGroup.lean:41:2: Try this: 
  letI̵

The goal is a proposition, so `let` is preferred over `letI`.
The difference between `let` and `letI` is that `letI` inlines the value.
But this is not relevant for proofs because of proof irrelevance.

Note: This linter can be disabled with `set_option linter.style.haveILetI false`
⚠ [9314/9361] Replayed PaperN.PartII.CompactSetAction
warning: PaperN/PartII/CompactSetAction.lean:41:2: Try this: 
  letI̵

The goal is a proposition, so `let` is preferred over `letI`.
The difference between `let` and `letI` is that `letI` inlines the value.
But this is not relevant for proofs because of proof irrelevance.

Note: This linter can be disabled with `set_option linter.style.haveILetI false`
warning: PaperN/PartII/CompactSetAction.lean:50:2: Try this: 
  letI̵

The goal is a proposition, so `let` is preferred over `letI`.
The difference between `let` and `letI` is that `letI` inlines the value.
But this is not relevant for proofs because of proof irrelevance.

Note: This linter can be disabled with `set_option linter.style.haveILetI false`
warning: PaperN/PartII/CompactSetAction.lean:52:2: Try this: 
  letI̵

The goal is a proposition, so `let` is preferred over `letI`.
The difference between `let` and `letI` is that `letI` inlines the value.
But this is not relevant for proofs because of proof irrelevance.

Note: This linter can be disabled with `set_option linter.style.haveILetI false`
⚠ [9319/9361] Replayed PaperN.PartII.SphereOrbitSpace
warning: PaperN/PartII/SphereOrbitSpace.lean:53:2: Try this: 
  letI̵

The goal is a proposition, so `let` is preferred over `letI`.
The difference between `let` and `letI` is that `letI` inlines the value.
But this is not relevant for proofs because of proof irrelevance.

Note: This linter can be disabled with `set_option linter.style.haveILetI false`
⚠ [9327/9361] Replayed PaperN.PartII.LocalModelGHMap
warning: PaperN/PartII/LocalModelGHMap.lean:18:2: Try this: 
  letI̵

The goal is a proposition, so `let` is preferred over `letI`.
The difference between `let` and `letI` is that `letI` inlines the value.
But this is not relevant for proofs because of proof irrelevance.

Note: This linter can be disabled with `set_option linter.style.haveILetI false`
⚠ [9328/9361] Replayed PaperN.PartII.LocalModelGHContinuity
warning: PaperN/PartII/LocalModelGHContinuity.lean:43:2: Try this: 
  letI̵

The goal is a proposition, so `let` is preferred over `letI`.
The difference between `let` and `letI` is that `letI` inlines the value.
But this is not relevant for proofs because of proof irrelevance.

Note: This linter can be disabled with `set_option linter.style.haveILetI false`
⚠ [9331/9361] Replayed PaperN.PartII.ModelFeatureAssembly
warning: PaperN/PartII/ModelFeatureAssembly.lean:21:36: `dif_pos` has been deprecated: Use `dite_eq_left` instead

Hint: Replace the deprecated name:
  d̵i̵f̵_̵p̵o̵s̵d̲i̲t̲e̲_̲e̲q̲_̲l̲e̲f̲t̲
⚠ [9334/9361] Replayed PaperN.PartII.FeatureImageConvergence
warning: PaperN/PartII/FeatureImageConvergence.lean:13:6: `Metric.NonemptyCompacts.dist_eq` has been deprecated: Use `TopologicalSpace.NonemptyCompacts.dist_eq` instead

Note: The updated constant is in a different namespace. Dot notation may need to be changed (e.g., from `x.dist_eq` to `NonemptyCompacts.dist_eq x`).

Hint: Replace the deprecated name:
  M̵e̵t̵r̵i̵c̵.̵NonemptyCompacts.dist_eq
⚠ [9336/9361] Replayed PaperN.PartII.DualRepresentationContinuity
warning: PaperN/PartII/DualRepresentationContinuity.lean:72:2: Try this: 
  letI̵

The goal is a proposition, so `let` is preferred over `letI`.
The difference between `let` and `letI` is that `letI` inlines the value.
But this is not relevant for proofs because of proof irrelevance.

Note: This linter can be disabled with `set_option linter.style.haveILetI false`
warning: PaperN/PartII/DualRepresentationContinuity.lean:118:2: Try this: 
  letI̵

The goal is a proposition, so `let` is preferred over `letI`.
The difference between `let` and `letI` is that `letI` inlines the value.
But this is not relevant for proofs because of proof irrelevance.

Note: This linter can be disabled with `set_option linter.style.haveILetI false`
⚠ [9337/9361] Replayed PaperN.PartII.DualFeatureError
warning: PaperN/PartII/DualFeatureError.lean:81:2: Try this: 
  letI̵

The goal is a proposition, so `let` is preferred over `letI`.
The difference between `let` and `letI` is that `letI` inlines the value.
But this is not relevant for proofs because of proof irrelevance.

Note: This linter can be disabled with `set_option linter.style.haveILetI false`
⚠ [9338/9361] Replayed PaperN.PartII.ModelFeatureSequence
warning: PaperN/PartII/ModelFeatureSequence.lean:33:4: Try this: 
  letI̵

The goal is a proposition, so `let` is preferred over `letI`.
The difference between `let` and `letI` is that `letI` inlines the value.
But this is not relevant for proofs because of proof irrelevance.

Note: This linter can be disabled with `set_option linter.style.haveILetI false`
⚠ [9342/9361] Replayed PaperN.PartII.GlobalErrorContinuity
warning: PaperN/PartII/GlobalErrorContinuity.lean:37:4: Try this: 
  letI̵

The goal is a proposition, so `let` is preferred over `letI`.
The difference between `let` and `letI` is that `letI` inlines the value.
But this is not relevant for proofs because of proof irrelevance.

Note: This linter can be disabled with `set_option linter.style.haveILetI false`
⚠ [9344/9361] Replayed PaperN.PartII.InterpolationContinuity
warning: PaperN/PartII/InterpolationContinuity.lean:37:4: Try this: 
  letI̵

The goal is a proposition, so `let` is preferred over `letI`.
The difference between `let` and `letI` is that `letI` inlines the value.
But this is not relevant for proofs because of proof irrelevance.

Note: This linter can be disabled with `set_option linter.style.haveILetI false`
⚠ [9347/9361] Replayed PaperN.PartII.OrthogonalCountability
warning: PaperN/PartII/OrthogonalCountability.lean:11:2: Try this: 
  letI̵

The goal is a proposition, so `let` is preferred over `letI`.
The difference between `let` and `letI` is that `letI` inlines the value.
But this is not relevant for proofs because of proof irrelevance.

Note: This linter can be disabled with `set_option linter.style.haveILetI false`
warning: PaperN/PartII/OrthogonalCountability.lean:22:2: Try this: 
  letI̵

The goal is a proposition, so `let` is preferred over `letI`.
The difference between `let` and `letI` is that `letI` inlines the value.
But this is not relevant for proofs because of proof irrelevance.

Note: This linter can be disabled with `set_option linter.style.haveILetI false`
warning: PaperN/PartII/OrthogonalCountability.lean:24:2: Try this: 
  letI̵

The goal is a proposition, so `let` is preferred over `letI`.
The difference between `let` and `letI` is that `letI` inlines the value.
But this is not relevant for proofs because of proof irrelevance.

Note: This linter can be disabled with `set_option linter.style.haveILetI false`
⚠ [9349/9361] Replayed PaperN.PartII.SphereOrbitAR
warning: PaperN/PartII/SphereOrbitAR.lean:11:2: Try this: 
  letI̵

The goal is a proposition, so `let` is preferred over `letI`.
The difference between `let` and `letI` is that `letI` inlines the value.
But this is not relevant for proofs because of proof irrelevance.

Note: This linter can be disabled with `set_option linter.style.haveILetI false`
⚠ [9353/9361] Replayed PaperN.PartII.GHAbsoluteRetract
warning: PaperN/PartII/GHAbsoluteRetract.lean:32:2: Try this: 
  letI̵

The goal is a proposition, so `let` is preferred over `letI`.
The difference between `let` and `letI` is that `letI` inlines the value.
But this is not relevant for proofs because of proof irrelevance.

Note: This linter can be disabled with `set_option linter.style.haveILetI false`
⚠ [9354/9361] Replayed PaperN.PartII.UniversalAbsoluteRetract
warning: PaperN/PartII/UniversalAbsoluteRetract.lean:14:2: Try this: 
  letI̵

The goal is a proposition, so `let` is preferred over `letI`.
The difference between `let` and `letI` is that `letI` inlines the value.
But this is not relevant for proofs because of proof irrelevance.

Note: This linter can be disabled with `set_option linter.style.haveILetI false`
warning: PaperN/PartII/UniversalAbsoluteRetract.lean:15:2: Try this: 
  letI̵

The goal is a proposition, so `let` is preferred over `letI`.
The difference between `let` and `letI` is that `letI` inlines the value.
But this is not relevant for proofs because of proof irrelevance.

Note: This linter can be disabled with `set_option linter.style.haveILetI false`
warning: PaperN/PartII/UniversalAbsoluteRetract.lean:16:2: Try this: 
  letI̵

The goal is a proposition, so `let` is preferred over `letI`.
The difference between `let` and `letI` is that `letI` inlines the value.
But this is not relevant for proofs because of proof irrelevance.

Note: This linter can be disabled with `set_option linter.style.haveILetI false`
warning: PaperN/PartII/UniversalAbsoluteRetract.lean:23:2: Try this: 
  letI̵

The goal is a proposition, so `let` is preferred over `letI`.
The difference between `let` and `letI` is that `letI` inlines the value.
But this is not relevant for proofs because of proof irrelevance.

Note: This linter can be disabled with `set_option linter.style.haveILetI false`
⚠ [9355/9361] Replayed PaperN.PartII.HannerCategoryProof
warning: PaperN/PartII/HannerCategoryProof.lean:33:2: Try this: 
  letI̵

The goal is a proposition, so `let` is preferred over `letI`.
The difference between `let` and `letI` is that `letI` inlines the value.
But this is not relevant for proofs because of proof irrelevance.

Note: This linter can be disabled with `set_option linter.style.haveILetI false`
warning: PaperN/PartII/HannerCategoryProof.lean:36:4: Try this: 
  letI̵

The goal is a proposition, so `let` is preferred over `letI`.
The difference between `let` and `letI` is that `letI` inlines the value.
But this is not relevant for proofs because of proof irrelevance.

Note: This linter can be disabled with `set_option linter.style.haveILetI false`
warning: PaperN/PartII/HannerCategoryProof.lean:45:4: Try this: 
  letI̵

The goal is a proposition, so `let` is preferred over `letI`.
The difference between `let` and `letI` is that `letI` inlines the value.
But this is not relevant for proofs because of proof irrelevance.

Note: This linter can be disabled with `set_option linter.style.haveILetI false`
warning: PaperN/PartII/HannerCategoryProof.lean:46:4: Try this: 
  letI̵

The goal is a proposition, so `let` is preferred over `letI`.
The difference between `let` and `letI` is that `letI` inlines the value.
But this is not relevant for proofs because of proof irrelevance.

Note: This linter can be disabled with `set_option linter.style.haveILetI false`
warning: PaperN/PartII/HannerCategoryProof.lean:47:4: Try this: 
  letI̵

The goal is a proposition, so `let` is preferred over `letI`.
The difference between `let` and `letI` is that `letI` inlines the value.
But this is not relevant for proofs because of proof irrelevance.

Note: This linter can be disabled with `set_option linter.style.haveILetI false`
warning: PaperN/PartII/HannerCategoryProof.lean:54:4: Try this: 
  letI̵

The goal is a proposition, so `let` is preferred over `letI`.
The difference between `let` and `letI` is that `letI` inlines the value.
But this is not relevant for proofs because of proof irrelevance.

Note: This linter can be disabled with `set_option linter.style.haveILetI false`
⚠ [9357/9361] Built PaperN.PartII.ContractibleExtensorProof (3.7s)
warning: PaperN/PartII/ContractibleExtensorProof.lean:16:2: Try this: 
  letI̵

The goal is a proposition, so `let` is preferred over `letI`.
The difference between `let` and `letI` is that `letI` inlines the value.
But this is not relevant for proofs because of proof irrelevance.

Note: This linter can be disabled with `set_option linter.style.haveILetI false`
warning: PaperN/PartII/ContractibleExtensorProof.lean:27:8: `continuousOn_iff_continuous_restrict` has been deprecated: Use `continuousOn_iff_continuous_domRestrict` instead

Hint: Replace the deprecated name:
  continuousOn_iff_continuous_r̵d̲o̲m̲R̲estrict
warning: PaperN/PartII/ContractibleExtensorProof.lean:61:16: `dif_pos` has been deprecated: Use `dite_eq_left` instead

Hint: Replace the deprecated name:
  d̵i̵f̵_̵p̵o̵s̵d̲i̲t̲e̲_̲e̲q̲_̲l̲e̲f̲t̲
✔ [9358/9361] Built PaperN.PartII.MainTheorem (2.2s)
✔ [9359/9361] Built PaperN.PartIV.MainTheorem (2.2s)
⚠ [9360/9361] Built Solution (2.2s)
warning: Solution.lean:23:2: Try this: 
  letI̵

The goal is a proposition, so `let` is preferred over `letI`.
The difference between `let` and `letI` is that `letI` inlines the value.
But this is not relevant for proofs because of proof irrelevance.

Note: This linter can be disabled with `set_option linter.style.haveILetI false`
warning: Solution.lean:24:2: Try this: 
  letI̵

The goal is a proposition, so `let` is preferred over `letI`.
The difference between `let` and `letI` is that `letI` inlines the value.
But this is not relevant for proofs because of proof irrelevance.

Note: This linter can be disabled with `set_option linter.style.haveILetI false`
warning: Solution.lean:25:2: Try this: 
  letI̵

The goal is a proposition, so `let` is preferred over `letI`.
The difference between `let` and `letI` is that `letI` inlines the value.
But this is not relevant for proofs because of proof irrelevance.

Note: This linter can be disabled with `set_option linter.style.haveILetI false`
warning: Solution.lean:26:2: Try this: 
  letI̵

The goal is a proposition, so `let` is preferred over `letI`.
The difference between `let` and `letI` is that `letI` inlines the value.
But this is not relevant for proofs because of proof irrelevance.

Note: This linter can be disabled with `set_option linter.style.haveILetI false`
warning: Solution.lean:27:2: Try this: 
  letI̵

The goal is a proposition, so `let` is preferred over `letI`.
The difference between `let` and `letI` is that `letI` inlines the value.
But this is not relevant for proofs because of proof irrelevance.

Note: This linter can be disabled with `set_option linter.style.haveILetI false`
warning: Solution.lean:28:2: Try this: 
  letI̵

The goal is a proposition, so `let` is preferred over `letI`.
The difference between `let` and `letI` is that `letI` inlines the value.
But this is not relevant for proofs because of proof irrelevance.

Note: This linter can be disabled with `set_option linter.style.haveILetI false`
warning: Solution.lean:29:2: Try this: 
  letI̵

The goal is a proposition, so `let` is preferred over `letI`.
The difference between `let` and `letI` is that `letI` inlines the value.
But this is not relevant for proofs because of proof irrelevance.

Note: This linter can be disabled with `set_option linter.style.haveILetI false`
Build completed successfully (9361 jobs).
